DSP_autocor_c,10069,9377,"1,073798",522099,6114,-loop-rotate, -scalarrepl-ssa, -loop-reduce, -loop-unswitch, -sccp, -loop-idiom, -sink, -loop-deletion, -simplifycfg,9377,-domtree, -lowerswitch, -loop-rotate, -loop-rotate, -scalarrepl-ssa, -loop-reduce, -mergefunc, -loop-unswitch, -sccp, -strip-dead-prototypes, -loop-idiom, -sink, -basicaa, -reassociate, -dce, -targetlibinfo, -loop-deletion, -always-inline, -loop-unroll, -simplifycfg, -instcombine, -loop-simplify,22,,,,,,,,,,,,,,,,,,,,,,,,,,,,,,,,,,,,,,,,,,,,,,,,,,,,,,,,,,,,,,,,,,,,,,,,,,,,,,,,,,,,,,,,,,,,,,,,,,,,,,,,,,,,,,,,,,,,,,,,,,,,,,,,,,,,,,,,,,,,
DSP_autocor_c,10069,9384,"1,072997",511570,6113,-loop-rotate, -instcombine, -scalarrepl-ssa, -loop-reduce, -loop-unswitch, -sccp, -simplifycfg, -loop-idiom, -indvars, -sink,9384,-indvars, -loop-rotate, -jump-threading, -loop-rotate, -simplifycfg, -instcombine, -scalarrepl-ssa, -constprop, -loop-reduce, -loop-simplify, -licm, -reassociate, -loop-simplify, -loop-unswitch, -sccp, -dse, -simplifycfg, -scalarrepl-ssa, -loop-idiom, -reassociate, -globalopt, -indvars, -ipconstprop, -sink, -scalarrepl,25,,,,,,,,,,,,,,,,,,,,,,,,,,,,,,,,,,,,,,,,,,,,,,,,,,,,,,,,,,,,,,,,,,,,,,,,,,,,,,,,,,,,,,,,,,,,,,,,,,,,,,,,,,,,,,,,,,,,,,,,,,,,,,,,,,,,,,,,
DSP_autocor_c,10069,9368,"1,074829",535636,6130,-scalarrepl, -loop-reduce, -loop-rotate, -loop-unswitch, -gvn, -licm, -loop-idiom, -loop-deletion, -simplifycfg, -indvars, -instcombine,9368,-argpromotion, -scalarrepl, -memdep, -loop-reduce, -dse, -loop-rotate, -loop-rotate, -gvn, -loop-unswitch, -functionattrs, -gvn, -loop-unswitch, -die, -scalarrepl, -scalarrepl, -licm, -loop-idiom, -loop-deletion, -simplifycfg, -indvars, -instcombine, -lower-expect, -instsimplify, -adce,24,,,,,,,,,,,,,,,,,,,,,,,,,,,,,,,,,,,,,,,,,,,,,,,,,,,,,,,,,,,,,,,,,,,,,,,,,,,,,,,,,,,,,,,,,,,,,,,,,,,,,,,,,,,,,,,,,,,,,,,,,,,,,,,,,,,,,,,,
DSP_blk_eswap16_c,3664,3664,1,275140,4043,-scalarrepl, -loop-rotate, -indvars,3664,-scalarrepl, -loop-rotate, -indvars,3,,,,,,,,,,,,,,,,,,,,,,,,,,,,,,,,,,,,,,,,,,,,,,,,,,,,,,,,,,,,,,,,,,,,,,,,,,,,,,,,,,,,,,,,,,,,,,,,,,,,,,,,,,,,,,,,,,,,,,,,,,,,,,,,,,,,,,,,,,,,,,,,,,,,,,,,,,,,,,,,,,,,,
DSP_blk_eswap16_c,3664,3664,1,340018,4638,-scalarrepl, -loop-rotate, -indvars,3664,-scalarrepl, -loop-rotate, -indvars,3,,,,,,,,,,,,,,,,,,,,,,,,,,,,,,,,,,,,,,,,,,,,,,,,,,,,,,,,,,,,,,,,,,,,,,,,,,,,,,,,,,,,,,,,,,,,,,,,,,,,,,,,,,,,,,,,,,,,,,,,,,,,,,,,,,,,,,,,,,,,,,,,,,,,,,,,,,,,,,,,,,,,,
DSP_blk_eswap16_c,3664,3655,"1,002462",459625,5947,-instcombine, -scalarrepl, -licm, -loop-reduce, -loop-rotate, -gvn, -indvars,3655,-instcombine, -scalarrepl, -licm, -constmerge, -loop-reduce, -loop-rotate, -gvn, -indvars, -loop-unroll, -loop-instsimplify, -loop-accesses,10,,,,,,,,,,,,,,,,,,,,,,,,,,,,,,,,,,,,,,,,,,,,,,,,,,,,,,,,,,,,,,,,,,,,,,,,,,,,,,,,,,,,,,,,,,,,,,,,,,,,,,,,,,,,,,,,,,,,,,,,,,,,,,,,,,,,,,,,,,,,,,,,,,,,,,,,,
DSP_blk_eswap32_c,3078,3076,"1,00065",221691,3286,-scalarrepl-ssa, -loop-rotate,3076,-scalarrepl-ssa, -loop-rotate,2,,,,,,,,,,,,,,,,,,,,,,,,,,,,,,,,,,,,,,,,,,,,,,,,,,,,,,,,,,,,,,,,,,,,,,,,,,,,,,,,,,,,,,,,,,,,,,,,,,,,,,,,,,,,,,,,,,,,,,,,,,,,,,,,,,,,,,,,,,,,,,,,,,,,,,,,,,,,,,,,,,,,,,,
DSP_blk_eswap32_c,3078,3076,"1,00065",236479,3469,-loop-rotate, -scalarrepl-ssa,3076,-loop-rotate, -scalarrepl-ssa,2,,,,,,,,,,,,,,,,,,,,,,,,,,,,,,,,,,,,,,,,,,,,,,,,,,,,,,,,,,,,,,,,,,,,,,,,,,,,,,,,,,,,,,,,,,,,,,,,,,,,,,,,,,,,,,,,,,,,,,,,,,,,,,,,,,,,,,,,,,,,,,,,,,,,,,,,,,,,,,,,,,,,,,,
DSP_blk_eswap32_c,3078,3065,"1,004241",478667,5961,-loop-rotate, -instcombine, -scalarrepl-ssa, -instsimplify, -licm, -codegenprepare, -ipsccp, -indvars, -licm, -early-cse,3065,-loop-rotate, -inline, -instcombine, -scalarrepl-ssa, -instsimplify, -licm, -codegenprepare, -ipsccp, -indvars, -indvars, -licm, -early-cse, -prune-eh,13,,,,,,,,,,,,,,,,,,,,,,,,,,,,,,,,,,,,,,,,,,,,,,,,,,,,,,,,,,,,,,,,,,,,,,,,,,,,,,,,,,,,,,,,,,,,,,,,,,,,,,,,,,,,,,,,,,,,,,,,,,,,,,,,,,,,,,,,,,,,,,,,,,,,
DSP_blk_eswap64_c,2800,2798,"1,000715",217609,3144,-loop-rotate, -scalarrepl-ssa,2798,-loop-rotate, -scalarrepl-ssa,2,,,,,,,,,,,,,,,,,,,,,,,,,,,,,,,,,,,,,,,,,,,,,,,,,,,,,,,,,,,,,,,,,,,,,,,,,,,,,,,,,,,,,,,,,,,,,,,,,,,,,,,,,,,,,,,,,,,,,,,,,,,,,,,,,,,,,,,,,,,,,,,,,,,,,,,,,,,,,,,,,,,,,,,
DSP_blk_eswap64_c,2800,2798,"1,000715",215240,3069,-scalarrepl-ssa, -loop-rotate,2798,-scalarrepl-ssa, -loop-rotate,2,,,,,,,,,,,,,,,,,,,,,,,,,,,,,,,,,,,,,,,,,,,,,,,,,,,,,,,,,,,,,,,,,,,,,,,,,,,,,,,,,,,,,,,,,,,,,,,,,,,,,,,,,,,,,,,,,,,,,,,,,,,,,,,,,,,,,,,,,,,,,,,,,,,,,,,,,,,,,,,,,,,,,,,
DSP_blk_eswap64_c,2800,2798,"1,000715",249708,3391,-loop-rotate, -scalarrepl-ssa,2798,-loop-rotate, -scalarrepl-ssa,2,,,,,,,,,,,,,,,,,,,,,,,,,,,,,,,,,,,,,,,,,,,,,,,,,,,,,,,,,,,,,,,,,,,,,,,,,,,,,,,,,,,,,,,,,,,,,,,,,,,,,,,,,,,,,,,,,,,,,,,,,,,,,,,,,,,,,,,,,,,,,,,,,,,,,,,,,,,,,,,,,,,,,,,
DSP_blk_move_c,907,898,"1,010022",355833,4881,-loop-rotate, -instcombine, -scalarrepl-ssa, -indvars,898,-loop-rotate, -instcombine, -scalarrepl-ssa, -indvars,4,,,,,,,,,,,,,,,,,,,,,,,,,,,,,,,,,,,,,,,,,,,,,,,,,,,,,,,,,,,,,,,,,,,,,,,,,,,,,,,,,,,,,,,,,,,,,,,,,,,,,,,,,,,,,,,,,,,,,,,,,,,,,,,,,,,,,,,,,,,,,,,,,,,,,,,,,,,,,,,,,,,
DSP_blk_move_c,907,898,"1,010022",393410,5279,-instcombine, -scalarrepl-ssa, -loop-rotate, -indvars,898,-instcombine, -scalarrepl-ssa, -loop-rotate, -indvars,4,,,,,,,,,,,,,,,,,,,,,,,,,,,,,,,,,,,,,,,,,,,,,,,,,,,,,,,,,,,,,,,,,,,,,,,,,,,,,,,,,,,,,,,,,,,,,,,,,,,,,,,,,,,,,,,,,,,,,,,,,,,,,,,,,,,,,,,,,,,,,,,,,,,,,,,,,,,,,,,,,,,
DSP_blk_move_c,907,898,"1,010022",355614,4881,-instcombine, -scalarrepl-ssa, -loop-rotate, -indvars,898,-instcombine, -scalarrepl-ssa, -loop-rotate, -indvars,4,,,,,,,,,,,,,,,,,,,,,,,,,,,,,,,,,,,,,,,,,,,,,,,,,,,,,,,,,,,,,,,,,,,,,,,,,,,,,,,,,,,,,,,,,,,,,,,,,,,,,,,,,,,,,,,,,,,,,,,,,,,,,,,,,,,,,,,,,,,,,,,,,,,,,,,,,,,,,,,,,,,
DSP_dotprod_c,827,827,1,302782,4440,-loop-rotate, -scalarrepl, -indvars,827,-loop-rotate, -scalarrepl, -indvars,3,,,,,,,,,,,,,,,,,,,,,,,,,,,,,,,,,,,,,,,,,,,,,,,,,,,,,,,,,,,,,,,,,,,,,,,,,,,,,,,,,,,,,,,,,,,,,,,,,,,,,,,,,,,,,,,,,,,,,,,,,,,,,,,,,,,,,,,,,,,,,,,,,,,,,,,,,,,,,,,,,,,,,
DSP_dotprod_c,827,827,1,272511,4139,-scalarrepl-ssa, -loop-rotate, -indvars,827,-scalarrepl-ssa, -loop-rotate, -indvars,3,,,,,,,,,,,,,,,,,,,,,,,,,,,,,,,,,,,,,,,,,,,,,,,,,,,,,,,,,,,,,,,,,,,,,,,,,,,,,,,,,,,,,,,,,,,,,,,,,,,,,,,,,,,,,,,,,,,,,,,,,,,,,,,,,,,,,,,,,,,,,,,,,,,,,,,,,,,,,,,,,,,,,
DSP_dotprod_c,827,827,1,286168,4099,-scalarrepl, -loop-rotate, -indvars,827,-scalarrepl, -loop-rotate, -indvars,3,,,,,,,,,,,,,,,,,,,,,,,,,,,,,,,,,,,,,,,,,,,,,,,,,,,,,,,,,,,,,,,,,,,,,,,,,,,,,,,,,,,,,,,,,,,,,,,,,,,,,,,,,,,,,,,,,,,,,,,,,,,,,,,,,,,,,,,,,,,,,,,,,,,,,,,,,,,,,,,,,,,,,
DSP_dotp_sqr_c,2906,2906,1,321902,4725,-loop-rotate, -scalarrepl-ssa, -gvn, -indvars,2906,-loop-rotate, -scalarrepl-ssa, -gvn, -indvars,4,,,,,,,,,,,,,,,,,,,,,,,,,,,,,,,,,,,,,,,,,,,,,,,,,,,,,,,,,,,,,,,,,,,,,,,,,,,,,,,,,,,,,,,,,,,,,,,,,,,,,,,,,,,,,,,,,,,,,,,,,,,,,,,,,,,,,,,,,,,,,,,,,,,,,,,,,,,,,,,,,,,
DSP_dotp_sqr_c,2906,2906,1,355399,5169,-loop-rotate, -scalarrepl, -indvars, -gvn,2906,-loop-rotate, -scalarrepl, -indvars, -gvn,4,,,,,,,,,,,,,,,,,,,,,,,,,,,,,,,,,,,,,,,,,,,,,,,,,,,,,,,,,,,,,,,,,,,,,,,,,,,,,,,,,,,,,,,,,,,,,,,,,,,,,,,,,,,,,,,,,,,,,,,,,,,,,,,,,,,,,,,,,,,,,,,,,,,,,,,,,,,,,,,,,,,
DSP_dotp_sqr_c,2906,2906,1,464456,5153,-loop-rotate, -gvn, -instcombine, -indvars, -basicaa,2906,-loop-rotate, -gvn, -instcombine, -indvars, -basicaa,5,,,,,,,,,,,,,,,,,,,,,,,,,,,,,,,,,,,,,,,,,,,,,,,,,,,,,,,,,,,,,,,,,,,,,,,,,,,,,,,,,,,,,,,,,,,,,,,,,,,,,,,,,,,,,,,,,,,,,,,,,,,,,,,,,,,,,,,,,,,,,,,,,,,,,,,,,,,,,,,,,
DSP_fir_cplx_c,8509,8262,"1,029896",508757,6031,-scalarrepl, -early-cse, -instcombine, -loop-rotate, -gvn, -loop-unswitch,8262,-scalarrepl, -early-cse, -instcombine, -functionattrs, -loop-instsimplify, -loop-rotate, -simplifycfg, -strip-dead-prototypes, -gvn, -instsimplify, -loop-unswitch, -inline,12,,,,,,,,,,,,,,,,,,,,,,,,,,,,,,,,,,,,,,,,,,,,,,,,,,,,,,,,,,,,,,,,,,,,,,,,,,,,,,,,,,,,,,,,,,,,,,,,,,,,,,,,,,,,,,,,,,,,,,,,,,,,,,,,,,,,,,,,,,,,,,,,,,,,,,,,,
DSP_fir_cplx_c,8509,8260,"1,030145",509672,6072,-scalarrepl, -gvn, -loop-unswitch, -loop-rotate, -reassociate, -ipsccp,8260,-scalarrepl, -gvn, -loop-unswitch, -loop-rotate, -reassociate, -ipsccp,6,,,,,,,,,,,,,,,,,,,,,,,,,,,,,,,,,,,,,,,,,,,,,,,,,,,,,,,,,,,,,,,,,,,,,,,,,,,,,,,,,,,,,,,,,,,,,,,,,,,,,,,,,,,,,,,,,,,,,,,,,,,,,,,,,,,,,,,,,,,,,,,,,,,,,,,,,,,,,,,
DSP_fir_cplx_c,8509,8277,"1,028029",460922,5806,-gvn, -licm, -loop-unswitch, -loop-rotate, -instcombine, -basicaa,8277,-gvn, -licm, -loop-unswitch, -loop-rotate, -instcombine, -basicaa, -lower-expect,7,,,,,,,,,,,,,,,,,,,,,,,,,,,,,,,,,,,,,,,,,,,,,,,,,,,,,,,,,,,,,,,,,,,,,,,,,,,,,,,,,,,,,,,,,,,,,,,,,,,,,,,,,,,,,,,,,,,,,,,,,,,,,,,,,,,,,,,,,,,,,,,,,,,,,,,,,,,,,,
DSP_firlms2_c,831,820,"1,013415",369317,4061,-scalarrepl, -loop-reduce, -loop-rotate,820,-scalarrepl, -loop-reduce, -loop-rotate,3,,,,,,,,,,,,,,,,,,,,,,,,,,,,,,,,,,,,,,,,,,,,,,,,,,,,,,,,,,,,,,,,,,,,,,,,,,,,,,,,,,,,,,,,,,,,,,,,,,,,,,,,,,,,,,,,,,,,,,,,,,,,,,,,,,,,,,,,,,,,,,,,,,,,,,,,,,,,,,,,,,,,,
DSP_firlms2_c,831,820,"1,013415",350829,3778,-scalarrepl, -loop-reduce, -loop-rotate,820,-scalarrepl, -loop-reduce, -loop-rotate,3,,,,,,,,,,,,,,,,,,,,,,,,,,,,,,,,,,,,,,,,,,,,,,,,,,,,,,,,,,,,,,,,,,,,,,,,,,,,,,,,,,,,,,,,,,,,,,,,,,,,,,,,,,,,,,,,,,,,,,,,,,,,,,,,,,,,,,,,,,,,,,,,,,,,,,,,,,,,,,,,,,,,,
DSP_firlms2_c,831,821,"1,01218",285856,3645,-loop-rotate, -scalarrepl-ssa,821,-loop-rotate, -scalarrepl-ssa,2,,,,,,,,,,,,,,,,,,,,,,,,,,,,,,,,,,,,,,,,,,,,,,,,,,,,,,,,,,,,,,,,,,,,,,,,,,,,,,,,,,,,,,,,,,,,,,,,,,,,,,,,,,,,,,,,,,,,,,,,,,,,,,,,,,,,,,,,,,,,,,,,,,,,,,,,,,,,,,,,,,,,,,,
DSP_fltoq15_c,1015,967,"1,049638",331784,4229,-jump-threading, -scalarrepl, -loop-rotate,967,-jump-threading, -scalarrepl, -loop-rotate,3,,,,,,,,,,,,,,,,,,,,,,,,,,,,,,,,,,,,,,,,,,,,,,,,,,,,,,,,,,,,,,,,,,,,,,,,,,,,,,,,,,,,,,,,,,,,,,,,,,,,,,,,,,,,,,,,,,,,,,,,,,,,,,,,,,,,,,,,,,,,,,,,,,,,,,,,,,,,,,,,,,,,,
DSP_fltoq15_c,1015,967,"1,049638",312098,4308,-loop-rotate, -jump-threading, -scalarrepl-ssa,967,-loop-rotate, -jump-threading, -scalarrepl-ssa,3,,,,,,,,,,,,,,,,,,,,,,,,,,,,,,,,,,,,,,,,,,,,,,,,,,,,,,,,,,,,,,,,,,,,,,,,,,,,,,,,,,,,,,,,,,,,,,,,,,,,,,,,,,,,,,,,,,,,,,,,,,,,,,,,,,,,,,,,,,,,,,,,,,,,,,,,,,,,,,,,,,,,,
DSP_fltoq15_c,1015,967,"1,049638",348600,4251,-scalarrepl, -jump-threading, -loop-rotate,967,-scalarrepl, -jump-threading, -loop-rotate,3,,,,,,,,,,,,,,,,,,,,,,,,,,,,,,,,,,,,,,,,,,,,,,,,,,,,,,,,,,,,,,,,,,,,,,,,,,,,,,,,,,,,,,,,,,,,,,,,,,,,,,,,,,,,,,,,,,,,,,,,,,,,,,,,,,,,,,,,,,,,,,,,,,,,,,,,,,,,,,,,,,,,,
DSP_mat_mul_c,53236,49724,"1,07063",755071,6123,-scalarrepl, -licm, -loop-rotate, -simplifycfg, -loop-unswitch, -loop-reduce, -codegenprepare, -simplifycfg, -loop-unswitch, -loop-reduce, -codegenprepare, -reassociate,49724,-reassociate, -no-aa, -scalarrepl, -licm, -indvars, -early-cse, -loop-rotate, -no-aa, -globaldce, -simplifycfg, -loweratomic, -globalopt, -loop-unswitch, -scalarrepl, -loop-reduce, -scalarrepl, -codegenprepare, -simplifycfg, -loweratomic, -globalopt, -loop-unswitch, -loweratomic, -loop-reduce, -codegenprepare, -reassociate,25,,,,,,,,,,,,,,,,,,,,,,,,,,,,,,,,,,,,,,,,,,,,,,,,,,,,,,,,,,,,,,,,,,,,,,,,,,,,,,,,,,,,,,,,,,,,,,,,,,,,,,,,,,,,,,,,,,,,,,,,,,,,,,,,,,,,,,
DSP_mat_mul_c,53236,42583,"1,25017",789719,6159,-licm, -loop-rotate, -scalarrepl-ssa, -basicaa, -loop-unswitch, -simplifycfg, -reg2mem, -loop-rotate, -scalarrepl-ssa, -loop-reduce, -loop-rotate, -reg2mem, -loop-rotate, -scalarrepl-ssa, -loop-reduce, -loop-rotate, -reg2mem, -scalarrepl-ssa, -loop-reduce, -loop-rotate, -reg2mem, -scalarrepl-ssa, -loop-reduce, -loop-rotate, -reg2mem, -sink, -scalarrepl-ssa, -loop-rotate, -reg2mem, -sink, -loop-rotate, -scalarrepl-ssa, -simplifycfg, -loop-rotate, -loop-reduce, -early-cse, -loop-unswitch, -loop-unswitch, -globalopt, -loop-unswitch,44251,-partial-inliner, -globaldce, -licm, -die, -lazy-value-info, -loop-deletion, -loop-deletion, -argpromotion, -loop-rotate, -reg2mem, -loop-reduce, -scalarrepl-ssa, -always-inline, -lowerswitch, -dce, -always-inline, -memcpyopt, -simplifycfg, -tbaa, -basicaa, -deadargelim, -loop-unswitch, -memdep, -dce, -instsimplify, -correlated-propagation, -reassociate, -simplifycfg, -loweratomic, -scalarrepl-ssa, -simplifycfg, -loweratomic, -scalarrepl-ssa, -loop-rotate, -reg2mem, -sink, -loops, -scalar-evolution, -memcpyopt, -loop-rotate, -loop-reduce, -scalarrepl-ssa, -always-inline, -lowerswitch, -loop-reduce, -loop-rotate, -loop-rotate, -reg2mem, -sink, -loops, -scalar-evolution, -memcpyopt, -loop-rotate, -loop-reduce, -scalarrepl-ssa, -always-inline, -lowerswitch, -loop-reduce, -loop-rotate, -reg2mem, -sink, -loops, -scalar-evolution, -scalarrepl-ssa, -always-inline, -lowerswitch, -loop-reduce, -loop-rotate, -loop-rotate, -reg2mem, -sink, -loops, -scalar-evolution, -memcpyopt, -loop-rotate, -loop-reduce, -scalarrepl-ssa, -always-inline, -lowerswitch, -loop-reduce, -loop-rotate, -reg2mem, -sink, -loops, -scalar-evolution, -memcpyopt, -scalarrepl-ssa, -simplifycfg, -loweratomic, -scalarrepl-ssa, -loop-reduce, -loop-rotate, -reg2mem, -sink, -loops, -scalar-evolution, -memcpyopt, -loop-rotate, -loop-reduce, -scalarrepl-ssa, -always-inline, -simplifycfg, -codegenprepare, -loop-rotate, -loop-reduce, -early-cse, -scalar-evolution, -memcpyopt, -simplifycfg, -loop-unswitch, -lowerswitch, -mergereturn, -functionattrs, -memcpyopt, -simplifycfg, -loop-unswitch, -lowerswitch, -scalarrepl-ssa, -globalopt, -no-aa, -loop-unswitch, -jump-threading, -dse, -lowerinvoke, -loop-rotate, -scalarrepl,126,,,,,
DSP_mat_mul_c,53236,42128,"1,263673",1350087,6142,-codegenprepare, -loop-rotate, -reg2mem, -scalarrepl-ssa, -loop-reduce, -loop-rotate, -reg2mem, -scalarrepl-ssa, -sink, -loop-rotate, -reg2mem, -scalarrepl-ssa, -loop-reduce, -loop-rotate, -reg2mem, -scalarrepl-ssa, -loop-reduce, -loop-rotate, -reg2mem, -scalarrepl-ssa, -loop-reduce, -loop-unswitch, -loop-rotate, -reg2mem, -scalarrepl-ssa, -loop-unswitch, -loop-reduce, -loop-rotate, -mergefunc, -loop-unswitch, -sink, -loop-unswitch, -loop-reduce, -licm, -loop-unswitch, -mergefunc, -loop-unswitch, -argpromotion, -loop-unswitch,42128,-codegenprepare, -ipsccp, -tbaa, -loop-rotate, -reg2mem, -memdep, -scalarrepl-ssa, -partial-inliner, -reassociate, -memcpyopt, -loop-reduce, -lcssa, -no-aa, -tailcallelim, -lcssa, -tbaa, -loop-rotate, -reg2mem, -memdep, -scalarrepl-ssa, -memdep, -scalarrepl-ssa, -partial-inliner, -reassociate, -mldst-motion, -sink, -always-inline, -loop-rotate, -reg2mem, -memdep, -scalarrepl-ssa, -partial-inliner, -reassociate, -memcpyopt, -loop-reduce, -lcssa, -tbaa, -loop-idiom, -mldst-motion, -always-inline, -loop-rotate, -reg2mem, -memdep, -scalarrepl-ssa, -partial-inliner, -reassociate, -memcpyopt, -loop-reduce, -lcssa, -no-aa, -tailcallelim, -strip-dead-prototypes, -loop-rotate, -always-inline, -loop-rotate, -reg2mem, -loop-unswitch, -scalarrepl-ssa, -partial-inliner, -reassociate, -memcpyopt, -loop-reduce, -lcssa, -no-aa, -tailcallelim, -licm, -memdep, -loop-unswitch, -lcssa, -no-aa, -tailcallelim, -mldst-motion, -always-inline, -loop-rotate, -reg2mem, -memdep, -scalarrepl-ssa, -partial-inliner, -reassociate, -memcpyopt, -loop-reduce, -lcssa, -no-aa, -tailcallelim, -licm, -memdep, -loop-unswitch, -functionattrs, -loop-reduce, -loop-rotate, -constprop, -mergefunc, -sink, -loop-unswitch, -sink, -loop-unswitch, -loop-reduce, -licm, -memdep, -loop-unswitch, -mergefunc, -sink, -loop-unswitch, -argpromotion, -loop-unswitch, -constprop, -deadargelim,107,,,,,,,,,,,,,,,,,,,,,,,,,
DSP_mat_trans_c,14152,10539,"1,342822",2560064,6137,-loop-rotate, -scalarrepl, -licm, -loop-reduce, -strip-dead-prototypes, -jump-threading, -loop-unswitch, -loop-extract, -loop-reduce, -loop-rotate, -mergefunc, -loop-extract, -loop-reduce, -loop-rotate, -loop-extract, -loop-reduce, -loop-rotate, -loop-extract, -loop-reduce, -loop-rotate, -loop-extract, -loop-reduce, -loop-rotate, -loop-extract, -loop-reduce, -loop-rotate, -loop-extract, -loop-reduce, -loop-rotate, -loop-extract, -loop-reduce, -loop-unswitch, -loop-rotate, -strip-dead-prototypes, -loop-unroll, -loop-unswitch, -loop-unswitch, -loop-extract, -loop-reduce, -loop-rotate, -loop-deletion, -argpromotion, -loop-extract, -loop-unswitch,10594,-memdep, -ipsccp, -loop-idiom, -indvars, -loop-rotate, -mergefunc, -scalarrepl, -loops, -sink, -licm, -loop-unroll, -loop-reduce, -loop-simplify, -strip-dead-prototypes, -scalarrepl, -memcpyopt, -loop-unswitch, -jump-threading, -memcpyopt, -loop-unswitch, -loop-unroll, -loop-unroll, -loop-extract, -loop-reduce, -loop-rotate, -mergefunc, -jump-threading, -memcpyopt, -loop-unswitch, -loop-unroll, -loop-unroll, -loop-extract, -loop-reduce, -loop-rotate, -mergefunc, -lazy-value-info, -loop-deletion, -memcpyopt, -globaldce, -loop-unroll, -loop-unroll, -loop-unroll, -loop-extract, -loop-reduce, -lazy-value-info, -lowerinvoke, -loop-unroll, -lazy-value-info, -globaldce, -loop-unroll, -loop-unroll, -loop-unroll, -loop-extract, -loop-reduce, -loop-rotate, -mergefunc, -scalarrepl, -loop-extract, -loop-reduce, -loop-rotate, -mergefunc, -loop-unroll, -loop-extract, -loop-reduce, -loop-unroll, -loop-extract, -loop-reduce, -loop-unroll, -loop-extract, -loop-reduce, -loop-rotate, -mergefunc, -scalarrepl, -loop-extract, -loop-reduce, -loop-rotate, -mergefunc, -scalarrepl, -loop-unroll, -lazy-value-info, -globaldce, -loop-unroll, -loop-unroll, -loop-unroll, -loop-extract, -loop-reduce, -loop-rotate, -mergefunc, -scalarrepl, -loop-extract, -loop-reduce, -loop-rotate, -mergefunc, -scalarrepl, -loops, -targetlibinfo, -loop-deletion, -memcpyopt, -loop-unswitch, -loop-unroll, -loop-rotate, -loop-unroll, -loop-unroll, -loop-simplify, -strip-dead-prototypes, -loop-unroll, -memdep, -loop-unswitch, -targetlibinfo, -loop-deletion, -loops, -loop-unswitch, -loop-unroll, -loop-unroll, -loop-extract, -loop-reduce, -loop-rotate, -mergefunc, -scalarrepl, -loop-deletion, -argpromotion, -strip-dead-prototypes, -scalar-evolution, -globaldce, -loop-unroll, -loop-extract, -loop-unswitch,127
DSP_mat_trans_c,14152,14028,"1,008839",517719,6084,-loop-rotate, -scalarrepl-ssa, -loop-unswitch, -simplifycfg, -loop-deletion, -indvars,14028,-loop-rotate, -sccp, -sink, -scalarrepl-ssa, -loop-unswitch, -loop-unswitch, -simplifycfg, -targetlibinfo, -mergefunc, -loop-deletion, -indvars, -licm, -correlated-propagation,13,,,,,,,,,,,,,,,,,,,,,,,,,,,,,,,,,,,,,,,,,,,,,,,,,,,,,,,,,,,,,,,,,,,,,,,,,,,,,,,,,,,,,,,,,,,,,,,,,,,,,,,,,,,,,,,,,,,,,,,,,,,,,,,,,,,,,,,,,,,,,,,,,,,,,,,,
DSP_mat_trans_c,14152,14028,"1,008839",448132,5552,-scalarrepl, -loop-rotate, -loop-unswitch, -simplifycfg, -loop-deletion, -indvars,14028,-scalarrepl, -loop-rotate, -loop-unswitch, -simplifycfg, -loop-deletion, -indvars,6,,,,,,,,,,,,,,,,,,,,,,,,,,,,,,,,,,,,,,,,,,,,,,,,,,,,,,,,,,,,,,,,,,,,,,,,,,,,,,,,,,,,,,,,,,,,,,,,,,,,,,,,,,,,,,,,,,,,,,,,,,,,,,,,,,,,,,,,,,,,,,,,,,,,,,,,,,,,,,,
DSP_maxidx_c,1666,1097,"1,518687",217265,3858,-loop-rotate, -scalarrepl-ssa,1097,-loop-rotate, -scalarrepl-ssa,2,,,,,,,,,,,,,,,,,,,,,,,,,,,,,,,,,,,,,,,,,,,,,,,,,,,,,,,,,,,,,,,,,,,,,,,,,,,,,,,,,,,,,,,,,,,,,,,,,,,,,,,,,,,,,,,,,,,,,,,,,,,,,,,,,,,,,,,,,,,,,,,,,,,,,,,,,,,,,,,,,,,,,,,
DSP_maxidx_c,1666,1097,"1,518687",185604,3381,-loop-rotate, -scalarrepl-ssa,1097,-loop-rotate, -scalarrepl-ssa,1,,,,,,,,,,,,,,,,,,,,,,,,,,,,,,,,,,,,,,,,,,,,,,,,,,,,,,,,,,,,,,,,,,,,,,,,,,,,,,,,,,,,,,,,,,,,,,,,,,,,,,,,,,,,,,,,,,,,,,,,,,,,,,,,,,,,,,,,,,,,,,,,,,,,,,,,,,,,,,,,,,,,,,,
DSP_maxidx_c,1666,1086,"1,53407",332755,5676,-loop-rotate, -basicaa, -licm, -loop-reduce, -scalarrepl-ssa,1086,-loop-rotate, -basicaa, -licm, -loop-reduce, -scalarrepl-ssa,5,,,,,,,,,,,,,,,,,,,,,,,,,,,,,,,,,,,,,,,,,,,,,,,,,,,,,,,,,,,,,,,,,,,,,,,,,,,,,,,,,,,,,,,,,,,,,,,,,,,,,,,,,,,,,,,,,,,,,,,,,,,,,,,,,,,,,,,,,,,,,,,,,,,,,,,,,,,,,,,,,
DSP_maxval_c,1280,1082,"1,182994",179223,3232,-scalarrepl-ssa, -loop-rotate,1082,-scalarrepl-ssa, -loop-rotate,2,,,,,,,,,,,,,,,,,,,,,,,,,,,,,,,,,,,,,,,,,,,,,,,,,,,,,,,,,,,,,,,,,,,,,,,,,,,,,,,,,,,,,,,,,,,,,,,,,,,,,,,,,,,,,,,,,,,,,,,,,,,,,,,,,,,,,,,,,,,,,,,,,,,,,,,,,,,,,,,,,,,,,,,
DSP_maxval_c,1280,1082,"1,182994",190851,3474,-scalarrepl-ssa, -loop-rotate,1082,-scalarrepl-ssa, -loop-rotate,2,,,,,,,,,,,,,,,,,,,,,,,,,,,,,,,,,,,,,,,,,,,,,,,,,,,,,,,,,,,,,,,,,,,,,,,,,,,,,,,,,,,,,,,,,,,,,,,,,,,,,,,,,,,,,,,,,,,,,,,,,,,,,,,,,,,,,,,,,,,,,,,,,,,,,,,,,,,,,,,,,,,,,,,
DSP_maxval_c,1280,1082,"1,182994",175151,3237,-loop-rotate, -scalarrepl,1082,-loop-rotate, -scalarrepl,2,,,,,,,,,,,,,,,,,,,,,,,,,,,,,,,,,,,,,,,,,,,,,,,,,,,,,,,,,,,,,,,,,,,,,,,,,,,,,,,,,,,,,,,,,,,,,,,,,,,,,,,,,,,,,,,,,,,,,,,,,,,,,,,,,,,,,,,,,,,,,,,,,,,,,,,,,,,,,,,,,,,,,,,
DSP_minerror_c,25844,25834,"1,000387",418557,5273,-scalarrepl, -loop-rotate, -indvars, -loop-reduce, -loop-unroll,25834,-scalarrepl, -loop-rotate, -indvars, -loop-reduce, -loop-unroll,5,,,,,,,,,,,,,,,,,,,,,,,,,,,,,,,,,,,,,,,,,,,,,,,,,,,,,,,,,,,,,,,,,,,,,,,,,,,,,,,,,,,,,,,,,,,,,,,,,,,,,,,,,,,,,,,,,,,,,,,,,,,,,,,,,,,,,,,,,,,,,,,,,,,,,,,,,,,,,,,,,
DSP_minerror_c,25844,25834,"1,000387",428702,5523,-scalarrepl, -loop-reduce, -indvars, -loop-rotate, -loop-unroll,25834,-scalarrepl, -loop-reduce, -indvars, -loop-rotate, -loop-unroll,5,,,,,,,,,,,,,,,,,,,,,,,,,,,,,,,,,,,,,,,,,,,,,,,,,,,,,,,,,,,,,,,,,,,,,,,,,,,,,,,,,,,,,,,,,,,,,,,,,,,,,,,,,,,,,,,,,,,,,,,,,,,,,,,,,,,,,,,,,,,,,,,,,,,,,,,,,,,,,,,,,
DSP_minerror_c,25844,25834,"1,000387",428555,5442,-scalarrepl-ssa, -indvars, -loop-reduce, -loop-rotate, -loop-unroll,25834,-scalarrepl-ssa, -indvars, -loop-reduce, -loop-rotate, -loop-unroll,5,,,,,,,,,,,,,,,,,,,,,,,,,,,,,,,,,,,,,,,,,,,,,,,,,,,,,,,,,,,,,,,,,,,,,,,,,,,,,,,,,,,,,,,,,,,,,,,,,,,,,,,,,,,,,,,,,,,,,,,,,,,,,,,,,,,,,,,,,,,,,,,,,,,,,,,,,,,,,,,,,
DSP_minval_c,1285,1079,"1,190918",319247,5088,-scalarrepl-ssa, -loop-rotate, -indvars,1079,-scalarrepl-ssa, -loop-rotate, -indvars,3,,,,,,,,,,,,,,,,,,,,,,,,,,,,,,,,,,,,,,,,,,,,,,,,,,,,,,,,,,,,,,,,,,,,,,,,,,,,,,,,,,,,,,,,,,,,,,,,,,,,,,,,,,,,,,,,,,,,,,,,,,,,,,,,,,,,,,,,,,,,,,,,,,,,,,,,,,,,,,,,,,,,,
DSP_minval_c,1285,1079,"1,190918",270553,4355,-loop-rotate, -scalarrepl-ssa, -indvars,1079,-loop-rotate, -scalarrepl-ssa, -indvars,3,,,,,,,,,,,,,,,,,,,,,,,,,,,,,,,,,,,,,,,,,,,,,,,,,,,,,,,,,,,,,,,,,,,,,,,,,,,,,,,,,,,,,,,,,,,,,,,,,,,,,,,,,,,,,,,,,,,,,,,,,,,,,,,,,,,,,,,,,,,,,,,,,,,,,,,,,,,,,,,,,,,,,
DSP_minval_c,1285,1079,"1,190918",234385,4097,-loop-rotate, -scalarrepl, -indvars,1079,-loop-rotate, -scalarrepl, -indvars,3,,,,,,,,,,,,,,,,,,,,,,,,,,,,,,,,,,,,,,,,,,,,,,,,,,,,,,,,,,,,,,,,,,,,,,,,,,,,,,,,,,,,,,,,,,,,,,,,,,,,,,,,,,,,,,,,,,,,,,,,,,,,,,,,,,,,,,,,,,,,,,,,,,,,,,,,,,,,,,,,,,,,,
DSP_mul32_c,10567,10567,1,295127,4291,-scalarrepl, -loop-rotate, -indvars,10567,-scalarrepl, -loop-rotate, -indvars,3,,,,,,,,,,,,,,,,,,,,,,,,,,,,,,,,,,,,,,,,,,,,,,,,,,,,,,,,,,,,,,,,,,,,,,,,,,,,,,,,,,,,,,,,,,,,,,,,,,,,,,,,,,,,,,,,,,,,,,,,,,,,,,,,,,,,,,,,,,,,,,,,,,,,,,,,,,,,,,,,,,,,,
DSP_mul32_c,10567,10567,1,318327,4694,-loop-rotate, -scalarrepl-ssa, -indvars,10567,-loop-rotate, -scalarrepl-ssa, -indvars,3,,,,,,,,,,,,,,,,,,,,,,,,,,,,,,,,,,,,,,,,,,,,,,,,,,,,,,,,,,,,,,,,,,,,,,,,,,,,,,,,,,,,,,,,,,,,,,,,,,,,,,,,,,,,,,,,,,,,,,,,,,,,,,,,,,,,,,,,,,,,,,,,,,,,,,,,,,,,,,,,,,,,,
DSP_mul32_c,10567,10567,1,253870,3832,-loop-rotate, -scalarrepl, -indvars,10567,-loop-rotate, -scalarrepl, -indvars,3,,,,,,,,,,,,,,,,,,,,,,,,,,,,,,,,,,,,,,,,,,,,,,,,,,,,,,,,,,,,,,,,,,,,,,,,,,,,,,,,,,,,,,,,,,,,,,,,,,,,,,,,,,,,,,,,,,,,,,,,,,,,,,,,,,,,,,,,,,,,,,,,,,,,,,,,,,,,,,,,,,,,,
DSP_neg32_c,17,17,1,223903,3723,-scalarrepl, -inline,17,-scalarrepl, -inline,2,,,,,,,,,,,,,,,,,,,,,,,,,,,,,,,,,,,,,,,,,,,,,,,,,,,,,,,,,,,,,,,,,,,,,,,,,,,,,,,,,,,,,,,,,,,,,,,,,,,,,,,,,,,,,,,,,,,,,,,,,,,,,,,,,,,,,,,,,,,,,,,,,,,,,,,,,,,,,,,,,,,,,,,
DSP_neg32_c,17,17,1,181457,3081,-scalarrepl, -inline,17,-scalarrepl, -inline,2,,,,,,,,,,,,,,,,,,,,,,,,,,,,,,,,,,,,,,,,,,,,,,,,,,,,,,,,,,,,,,,,,,,,,,,,,,,,,,,,,,,,,,,,,,,,,,,,,,,,,,,,,,,,,,,,,,,,,,,,,,,,,,,,,,,,,,,,,,,,,,,,,,,,,,,,,,,,,,,,,,,,,,,
DSP_neg32_c,17,17,1,182997,3112,-inline, -sroa,17,-inline, -sroa,1,,,,,,,,,,,,,,,,,,,,,,,,,,,,,,,,,,,,,,,,,,,,,,,,,,,,,,,,,,,,,,,,,,,,,,,,,,,,,,,,,,,,,,,,,,,,,,,,,,,,,,,,,,,,,,,,,,,,,,,,,,,,,,,,,,,,,,,,,,,,,,,,,,,,,,,,,,,,,,,,,,,,,,,
DSP_q15tofl_c,676,676,1,244993,4327,-loop-rotate, -instcombine, -scalarrepl, -indvars,676,-loop-rotate, -instcombine, -scalarrepl, -indvars,4,,,,,,,,,,,,,,,,,,,,,,,,,,,,,,,,,,,,,,,,,,,,,,,,,,,,,,,,,,,,,,,,,,,,,,,,,,,,,,,,,,,,,,,,,,,,,,,,,,,,,,,,,,,,,,,,,,,,,,,,,,,,,,,,,,,,,,,,,,,,,,,,,,,,,,,,,,,,,,,,,,,
DSP_q15tofl_c,676,676,1,288307,5035,-scalarrepl-ssa, -loop-rotate, -indvars, -instcombine,676,-scalarrepl-ssa, -loop-rotate, -indvars, -instcombine, -loop-unswitch,4,,,,,,,,,,,,,,,,,,,,,,,,,,,,,,,,,,,,,,,,,,,,,,,,,,,,,,,,,,,,,,,,,,,,,,,,,,,,,,,,,,,,,,,,,,,,,,,,,,,,,,,,,,,,,,,,,,,,,,,,,,,,,,,,,,,,,,,,,,,,,,,,,,,,,,,,,,,,,,,,,,
DSP_q15tofl_c,676,676,1,287572,4981,-loop-rotate, -scalarrepl-ssa, -indvars, -instcombine,676,-loop-rotate, -scalarrepl-ssa, -indvars, -instcombine,4,,,,,,,,,,,,,,,,,,,,,,,,,,,,,,,,,,,,,,,,,,,,,,,,,,,,,,,,,,,,,,,,,,,,,,,,,,,,,,,,,,,,,,,,,,,,,,,,,,,,,,,,,,,,,,,,,,,,,,,,,,,,,,,,,,,,,,,,,,,,,,,,,,,,,,,,,,,,,,,,,,,
DSP_vecsumsq_c,3888,3887,"1,000257",197545,3380,-loop-rotate, -scalarrepl-ssa,3887,-loop-rotate, -scalarrepl-ssa,2,,,,,,,,,,,,,,,,,,,,,,,,,,,,,,,,,,,,,,,,,,,,,,,,,,,,,,,,,,,,,,,,,,,,,,,,,,,,,,,,,,,,,,,,,,,,,,,,,,,,,,,,,,,,,,,,,,,,,,,,,,,,,,,,,,,,,,,,,,,,,,,,,,,,,,,,,,,,,,,,,,,,,,,
DSP_vecsumsq_c,3888,3887,"1,000257",177246,3144,-scalarrepl, -loop-rotate,3887,-scalarrepl, -loop-rotate,2,,,,,,,,,,,,,,,,,,,,,,,,,,,,,,,,,,,,,,,,,,,,,,,,,,,,,,,,,,,,,,,,,,,,,,,,,,,,,,,,,,,,,,,,,,,,,,,,,,,,,,,,,,,,,,,,,,,,,,,,,,,,,,,,,,,,,,,,,,,,,,,,,,,,,,,,,,,,,,,,,,,,,,,
DSP_vecsumsq_c,3888,3887,"1,000257",220593,3635,-loop-rotate, -scalarrepl-ssa,3887,-loop-rotate, -scalarrepl-ssa,2,,,,,,,,,,,,,,,,,,,,,,,,,,,,,,,,,,,,,,,,,,,,,,,,,,,,,,,,,,,,,,,,,,,,,,,,,,,,,,,,,,,,,,,,,,,,,,,,,,,,,,,,,,,,,,,,,,,,,,,,,,,,,,,,,,,,,,,,,,,,,,,,,,,,,,,,,,,,,,,,,,,,,,,
DSP_w_vec_c,6190,6190,1,273038,4365,-loop-rotate, -scalarrepl, -indvars,6190,-loop-rotate, -scalarrepl, -indvars,3,,,,,,,,,,,,,,,,,,,,,,,,,,,,,,,,,,,,,,,,,,,,,,,,,,,,,,,,,,,,,,,,,,,,,,,,,,,,,,,,,,,,,,,,,,,,,,,,,,,,,,,,,,,,,,,,,,,,,,,,,,,,,,,,,,,,,,,,,,,,,,,,,,,,,,,,,,,,,,,,,,,,,
DSP_w_vec_c,6190,6190,1,286348,4549,-loop-rotate, -scalarrepl, -indvars,6190,-loop-rotate, -scalarrepl, -indvars,3,,,,,,,,,,,,,,,,,,,,,,,,,,,,,,,,,,,,,,,,,,,,,,,,,,,,,,,,,,,,,,,,,,,,,,,,,,,,,,,,,,,,,,,,,,,,,,,,,,,,,,,,,,,,,,,,,,,,,,,,,,,,,,,,,,,,,,,,,,,,,,,,,,,,,,,,,,,,,,,,,,,,,
DSP_w_vec_c,6190,6190,1,280532,4424,-scalarrepl, -loop-rotate, -indvars,6190,-scalarrepl, -loop-rotate, -indvars,3,,,,,,,,,,,,,,,,,,,,,,,,,,,,,,,,,,,,,,,,,,,,,,,,,,,,,,,,,,,,,,,,,,,,,,,,,,,,,,,,,,,,,,,,,,,,,,,,,,,,,,,,,,,,,,,,,,,,,,,,,,,,,,,,,,,,,,,,,,,,,,,,,,,,,,,,,,,,,,,,,,,,,
IMG_boundary_c,9320,9318,"1,000215",484293,6050,-loop-rotate, -scalarrepl, -licm, -partial-inliner, -loop-unswitch, -ipsccp, -loop-deletion,9318,-loop-rotate, -die, -scalarrepl, -licm, -partial-inliner, -loop-unswitch, -ipsccp, -ipsccp, -loop-deletion, -constprop, -lowerswitch,11,,,,,,,,,,,,,,,,,,,,,,,,,,,,,,,,,,,,,,,,,,,,,,,,,,,,,,,,,,,,,,,,,,,,,,,,,,,,,,,,,,,,,,,,,,,,,,,,,,,,,,,,,,,,,,,,,,,,,,,,,,,,,,,,,,,,,,,,,,,,,,,,,,,,,,,,,
IMG_boundary_c,9320,9318,"1,000215",478785,5777,-loop-rotate, -scalarrepl-ssa, -ipconstprop, -loop-unswitch, -ipsccp, -licm, -loop-deletion,9318,-loop-rotate, -scalarrepl-ssa, -ipconstprop, -loop-unswitch, -ipsccp, -licm, -loop-deletion, -loop-rotate,8,,,,,,,,,,,,,,,,,,,,,,,,,,,,,,,,,,,,,,,,,,,,,,,,,,,,,,,,,,,,,,,,,,,,,,,,,,,,,,,,,,,,,,,,,,,,,,,,,,,,,,,,,,,,,,,,,,,,,,,,,,,,,,,,,,,,,,,,,,,,,,,,,,,,,,,,,,,,
IMG_boundary_c,9320,9318,"1,000215",478081,6014,-scalarrepl-ssa, -loop-rotate, -prune-eh, -loop-unswitch, -licm, -ipsccp, -loop-deletion,9318,-deadargelim, -scalarrepl-ssa, -loop-rotate, -prune-eh, -loop-unswitch, -licm, -domtree, -ipsccp, -loop-deletion,9,,,,,,,,,,,,,,,,,,,,,,,,,,,,,,,,,,,,,,,,,,,,,,,,,,,,,,,,,,,,,,,,,,,,,,,,,,,,,,,,,,,,,,,,,,,,,,,,,,,,,,,,,,,,,,,,,,,,,,,,,,,,,,,,,,,,,,,,,,,,,,,,,,,,,,,,,,,
IMG_boundary_c,9320,9318,"1,000215",497432,6088,-loop-rotate, -scalarrepl-ssa, -ipsccp, -loop-unswitch, -sccp, -loop-deletion, -licm,9318,-scalar-evolution, -loop-rotate, -scalarrepl-ssa, -ipsccp, -loop-unswitch, -sccp, -loop-unswitch, -loop-deletion, -licm,9,,,,,,,,,,,,,,,,,,,,,,,,,,,,,,,,,,,,,,,,,,,,,,,,,,,,,,,,,,,,,,,,,,,,,,,,,,,,,,,,,,,,,,,,,,,,,,,,,,,,,,,,,,,,,,,,,,,,,,,,,,,,,,,,,,,,,,,,,,,,,,,,,,,,,,,,,,,
IMG_boundary_c,9320,9318,"1,000215",493408,5588,-scalarrepl, -loop-rotate, -sccp, -loop-unswitch, -sccp, -loop-deletion, -licm,9318,-scalarrepl, -loop-rotate, -sccp, -loop-unswitch, -sccp, -loop-deletion, -licm,7,,,,,,,,,,,,,,,,,,,,,,,,,,,,,,,,,,,,,,,,,,,,,,,,,,,,,,,,,,,,,,,,,,,,,,,,,,,,,,,,,,,,,,,,,,,,,,,,,,,,,,,,,,,,,,,,,,,,,,,,,,,,,,,,,,,,,,,,,,,,,,,,,,,,,,,,,,,,,
IMG_conv_3x3_c,25269,23984,"1,053577",500381,5896,-loop-rotate, -scalarrepl-ssa, -loop-reduce, -loop-unroll, -gvn, -slsr,23984,-loop-unroll, -loop-rotate, -lowerswitch, -scalarrepl-ssa, -loop-reduce, -loop-unroll, -gvn, -slsr, -loop-rotate,9,,,,,,,,,,,,,,,,,,,,,,,,,,,,,,,,,,,,,,,,,,,,,,,,,,,,,,,,,,,,,,,,,,,,,,,,,,,,,,,,,,,,,,,,,,,,,,,,,,,,,,,,,,,,,,,,,,,,,,,,,,,,,,,,,,,,,,,,,,,,,,,,,,,,,,,,,,,,
IMG_conv_3x3_c,25269,24750,"1,02097",510741,6025,-scalarrepl-ssa, -loop-rotate, -loop-unroll, -jump-threading,24750,-correlated-propagation, -lower-expect, -scalarrepl-ssa, -loop-rotate, -licm, -loop-unroll, -prune-eh, -jump-threading, -instcombine,9,,,,,,,,,,,,,,,,,,,,,,,,,,,,,,,,,,,,,,,,,,,,,,,,,,,,,,,,,,,,,,,,,,,,,,,,,,,,,,,,,,,,,,,,,,,,,,,,,,,,,,,,,,,,,,,,,,,,,,,,,,,,,,,,,,,,,,,,,,,,,,,,,,,,,,,,,,,,,,
IMG_conv_3x3_c,25269,24750,"1,02097",445605,5625,-scalarrepl-ssa, -loop-rotate, -loop-unroll, -jump-threading,24750,-scalarrepl-ssa, -loop-rotate, -loop-unroll, -jump-threading,4,,,,,,,,,,,,,,,,,,,,,,,,,,,,,,,,,,,,,,,,,,,,,,,,,,,,,,,,,,,,,,,,,,,,,,,,,,,,,,,,,,,,,,,,,,,,,,,,,,,,,,,,,,,,,,,,,,,,,,,,,,,,,,,,,,,,,,,,,,,,,,,,,,,,,,,,,,,,,,,,,,,
IMG_corr_gen_c,128110,119581,"1,071324",852655,6076,-loop-rotate, -sroa, -loop-unswitch, -loop-reduce, -instcombine, -licm, -gvn,119581,-loop-rotate, -sroa, -loop-unswitch, -loop-reduce, -scalarrepl, -instcombine, -licm, -argpromotion, -gvn, -loop-unswitch,10,,,,,,,,,,,,,,,,,,,,,,,,,,,,,,,,,,,,,,,,,,,,,,,,,,,,,,,,,,,,,,,,,,,,,,,,,,,,,,,,,,,,,,,,,,,,,,,,,,,,,,,,,,,,,,,,,,,,,,,,,,,,,,,,,,,,,,,,,,,,,,,,,,,,,,,,,,
IMG_corr_gen_c,128110,77445,"1,654206",1284622,6141,-loop-rotate, -scalarrepl, -loop-unswitch, -instcombine, -loop-reduce, -gvn, -mergefunc, -loop-extract, -sink, -loop-rotate, -partial-inliner, -loop-unswitch, -loop-extract, -loop-reduce, -instcombine, -loop-rotate, -partial-inliner, -loop-unswitch, -loop-extract, -loop-reduce, -loop-rotate, -partial-inliner, -loop-unswitch, -loop-extract, -loop-reduce, -simplifycfg, -loop-extract, -loop-reduce, -ipsccp, -sink, -loop-rotate, -licm, -simplifycfg, -loop-extract, -loop-unswitch, -loop-reduce, -loop-extract, -instcombine, -loop-rotate, -loop-extract, -loop-reduce, -instcombine, -loop-rotate, -loop-extract,77481,-instsimplify, -domtree, -loop-rotate, -partial-inliner, -deadargelim, -licm, -scalarrepl, -constprop, -basicaa, -correlated-propagation, -dse, -loop-unswitch, -scalar-evolution, -instcombine, -sink, -loop-reduce, -gvn, -prune-eh, -scalarrepl, -mergefunc, -loop-extract, -basicaa, -instcombine, -sink, -always-inline, -loop-rotate, -partial-inliner, -loop-unswitch, -loop-extract, -basicaa, -loop-reduce, -always-inline, -basicaa, -instcombine, -sink, -always-inline, -loop-rotate, -partial-inliner, -loop-unswitch, -loop-extract, -basicaa, -loop-reduce, -always-inline, -loop-rotate, -loop-reduce, -partial-inliner, -loop-unswitch, -loop-extract, -basicaa, -loop-reduce, -ipsccp, -jump-threading, -sink, -licm, -lcssa, -simplifycfg, -loop-extract, -basicaa, -loop-reduce, -ipsccp, -jump-threading, -sink, -licm, -lcssa, -simplifycfg, -domtree, -loop-rotate, -licm, -lcssa, -simplifycfg, -loop-extract, -basicaa, -loop-unswitch, -scalar-evolution, -loop-reduce, -loop-extract, -partial-inliner, -tbaa, -instcombine, -sink, -always-inline, -loop-rotate, -loop-reduce, -partial-inliner, -sink, -loop-rotate, -loop-rotate, -loop-reduce, -partial-inliner, -loop-unswitch, -loop-extract, -basicaa, -loop-unswitch, -scalar-evolution, -loop-reduce, -loop-extract, -partial-inliner, -tbaa, -instcombine, -sink, -always-inline, -loop-rotate, -loop-reduce, -partial-inliner, -loop-unswitch, -loop-extract, -basicaa, -gvn,108,,,,,,,,,,,,,,,,,,,
IMG_corr_gen_c,128110,119581,"1,071324",854364,6014,-loop-rotate, -instcombine, -scalarrepl-ssa, -loop-reduce, -loop-unswitch, -gvn, -licm,119581,-loop-rotate, -instcombine, -scalarrepl-ssa, -loop-reduce, -tbaa, -loop-unswitch, -gvn, -licm, -mergereturn, -basicaa,10,,,,,,,,,,,,,,,,,,,,,,,,,,,,,,,,,,,,,,,,,,,,,,,,,,,,,,,,,,,,,,,,,,,,,,,,,,,,,,,,,,,,,,,,,,,,,,,,,,,,,,,,,,,,,,,,,,,,,,,,,,,,,,,,,,,,,,,,,,,,,,,,,,,,,,,,,,
IMG_dilate_bin_c,5436,5435,"1,000184",338253,4994,-loop-instsimplify, -gvn, -simplifycfg, -basicaa, -instcombine, -loop-rotate,5435,-loop-instsimplify, -gvn, -simplifycfg, -basicaa, -instcombine, -loop-rotate,6,,,,,,,,,,,,,,,,,,,,,,,,,,,,,,,,,,,,,,,,,,,,,,,,,,,,,,,,,,,,,,,,,,,,,,,,,,,,,,,,,,,,,,,,,,,,,,,,,,,,,,,,,,,,,,,,,,,,,,,,,,,,,,,,,,,,,,,,,,,,,,,,,,,,,,,,,,,,,,,
IMG_dilate_bin_c,5436,5435,"1,000184",414741,5832,-loop-rotate, -instcombine, -gvn, -simplifycfg, -basicaa, -instcombine,5435,-loop-rotate, -instcombine, -gvn, -simplifycfg, -basicaa, -instcombine, -irce,7,,,,,,,,,,,,,,,,,,,,,,,,,,,,,,,,,,,,,,,,,,,,,,,,,,,,,,,,,,,,,,,,,,,,,,,,,,,,,,,,,,,,,,,,,,,,,,,,,,,,,,,,,,,,,,,,,,,,,,,,,,,,,,,,,,,,,,,,,,,,,,,,,,,,,,,,,,,,,,
IMG_dilate_bin_c,5436,5435,"1,000184",416868,5916,-instsimplify, -gvn, -basicaa, -loop-rotate, -simplifycfg, -instcombine,5435,-instsimplify, -gvn, -basicaa, -loop-unroll, -loop-rotate, -ipsccp, -simplifycfg, -instcombine,8,,,,,,,,,,,,,,,,,,,,,,,,,,,,,,,,,,,,,,,,,,,,,,,,,,,,,,,,,,,,,,,,,,,,,,,,,,,,,,,,,,,,,,,,,,,,,,,,,,,,,,,,,,,,,,,,,,,,,,,,,,,,,,,,,,,,,,,,,,,,,,,,,,,,,,,,,,,,,
IMG_erode_bin_c,4186,4186,1,302480,4589,-scalarrepl, -loop-instsimplify, -loop-rotate, -simplifycfg,4186,-scalarrepl, -loop-instsimplify, -loop-rotate, -simplifycfg,4,,,,,,,,,,,,,,,,,,,,,,,,,,,,,,,,,,,,,,,,,,,,,,,,,,,,,,,,,,,,,,,,,,,,,,,,,,,,,,,,,,,,,,,,,,,,,,,,,,,,,,,,,,,,,,,,,,,,,,,,,,,,,,,,,,,,,,,,,,,,,,,,,,,,,,,,,,,,,,,,,,,
IMG_erode_bin_c,4186,4186,1,304090,4813,-instsimplify, -scalarrepl-ssa, -simplifycfg, -loop-rotate,4186,-instsimplify, -scalarrepl-ssa, -simplifycfg, -loop-rotate,4,,,,,,,,,,,,,,,,,,,,,,,,,,,,,,,,,,,,,,,,,,,,,,,,,,,,,,,,,,,,,,,,,,,,,,,,,,,,,,,,,,,,,,,,,,,,,,,,,,,,,,,,,,,,,,,,,,,,,,,,,,,,,,,,,,,,,,,,,,,,,,,,,,,,,,,,,,,,,,,,,,,
IMG_erode_bin_c,4186,4186,1,299960,4611,-scalarrepl, -instsimplify, -simplifycfg, -loop-rotate,4186,-scalarrepl, -instsimplify, -simplifycfg, -loop-rotate,4,,,,,,,,,,,,,,,,,,,,,,,,,,,,,,,,,,,,,,,,,,,,,,,,,,,,,,,,,,,,,,,,,,,,,,,,,,,,,,,,,,,,,,,,,,,,,,,,,,,,,,,,,,,,,,,,,,,,,,,,,,,,,,,,,,,,,,,,,,,,,,,,,,,,,,,,,,,,,,,,,,,
IMG_fdct_8x8_c,20141,16475,"1,222519",634507,6130,-instcombine, -scalarrepl-ssa, -loop-rotate, -gvn, -instcombine, -indvars, -loop-reduce, -reg2mem, -gvn, -scalarrepl, -loop-rotate, -loop-reduce,16475,-instcombine, -scalarrepl-ssa, -no-aa, -loop-rotate, -scalar-evolution, -gvn, -loop-deletion, -instcombine, -adce, -tailcallelim, -scalarrepl, -indvars, -adce, -basiccg, -early-cse, -loop-reduce, -no-aa, -lowerswitch, -loweratomic, -reg2mem, -targetlibinfo, -gvn, -scalarrepl, -lowerinvoke, -loweratomic, -loop-rotate, -basiccg, -loop-simplify, -loop-reduce, -no-aa, -lowerswitch, -constmerge, -globalopt,33,,,,,,,,,,,,,,,,,,,,,,,,,,,,,,,,,,,,,,,,,,,,,,,,,,,,,,,,,,,,,,,,,,,,,,,,,,,,,,,,,,,,,,,,,,,,,,,,,,,,,,,,,,,,,,,,,,,,,,,,,,,,,,
IMG_fdct_8x8_c,20141,16867,"1,194107",595378,6132,-instcombine, -early-cse, -scalarrepl, -jump-threading, -loop-rotate, -instcombine, -indvars, -early-cse, -loop-reduce,16867,-constprop, -instcombine, -targetlibinfo, -early-cse, -scalarrepl, -jump-threading, -loop-rotate, -instcombine, -constprop, -indvars, -die, -constprop, -loop-simplify, -early-cse, -loop-unswitch, -loop-reduce, -mergereturn, -die, -loop-rotate,19,,,,,,,,,,,,,,,,,,,,,,,,,,,,,,,,,,,,,,,,,,,,,,,,,,,,,,,,,,,,,,,,,,,,,,,,,,,,,,,,,,,,,,,,,,,,,,,,,,,,,,,,,,,,,,,,,,,,,,,,,,,,,,,,,,,,,,,,,,,,,,,
IMG_fdct_8x8_c,20141,16677,"1,207711",646776,6150,-instcombine, -scalarrepl, -instcombine, -indvars, -loop-rotate, -gvn, -loop-reduce, -tailcallelim, -loop-reduce, -lowerinvoke, -loop-reduce,16677,-instsimplify, -instcombine, -constprop, -loop-deletion, -scev-aa, -scalarrepl, -instcombine, -dce, -basicaa, -indvars, -licm, -memdep, -loop-rotate, -gvn, -dce, -basicaa, -loop-reduce, -memcpyopt, -lower-expect, -tailcallelim, -loop-reduce, -lowerinvoke, -loop-reduce, -constprop, -prune-eh, -argpromotion, -lazy-value-info, -loop-deletion,28,,,,,,,,,,,,,,,,,,,,,,,,,,,,,,,,,,,,,,,,,,,,,,,,,,,,,,,,,,,,,,,,,,,,,,,,,,,,,,,,,,,,,,,,,,,,,,,,,,,,,,,,,,,,,,,,,,,,,,,,,,,,,,,,,,,,
IMG_idct_8x8_12q4_c,24268,21872,"1,109546",581221,5805,-early-cse, -loop-rotate, -scalarrepl, -loop-reduce, -indvars, -instcombine, -loop-reduce,21872,-early-cse, -loop-rotate, -scalarrepl, -loop-reduce, -indvars, -instcombine, -loop-reduce,7,,,,,,,,,,,,,,,,,,,,,,,,,,,,,,,,,,,,,,,,,,,,,,,,,,,,,,,,,,,,,,,,,,,,,,,,,,,,,,,,,,,,,,,,,,,,,,,,,,,,,,,,,,,,,,,,,,,,,,,,,,,,,,,,,,,,,,,,,,,,,,,,,,,,,,,,,,,,,
IMG_idct_8x8_12q4_c,24268,21872,"1,109546",675190,6069,-early-cse, -scalarrepl, -instcombine, -early-cse, -loop-reduce, -loop-rotate, -indvars,21872,-early-cse, -lowerswitch, -scalarrepl, -lowerswitch, -instcombine, -globaldce, -early-cse, -loop-deletion, -prune-eh, -loop-reduce, -deadargelim, -loop-rotate, -deadargelim, -indvars,14,,,,,,,,,,,,,,,,,,,,,,,,,,,,,,,,,,,,,,,,,,,,,,,,,,,,,,,,,,,,,,,,,,,,,,,,,,,,,,,,,,,,,,,,,,,,,,,,,,,,,,,,,,,,,,,,,,,,,,,,,,,,,,,,,,,,,,,,,,,,,,,,,,,,,,
IMG_idct_8x8_12q4_c,24268,21872,"1,109546",601400,6064,-early-cse, -scalarrepl, -loop-rotate, -loop-reduce, -indvars, -loop-reduce, -instcombine,21872,-early-cse, -early-cse, -scalarrepl, -loop-rotate, -loop-reduce, -lint, -indvars, -loop-reduce, -instcombine, -loops,10,,,,,,,,,,,,,,,,,,,,,,,,,,,,,,,,,,,,,,,,,,,,,,,,,,,,,,,,,,,,,,,,,,,,,,,,,,,,,,,,,,,,,,,,,,,,,,,,,,,,,,,,,,,,,,,,,,,,,,,,,,,,,,,,,,,,,,,,,,,,,,,,,,,,,,,,,,
IMG_mad_8x8_c,10132,9857,"1,027899",444823,6007,-gvn, -indvars, -loop-rotate, -reassociate, -instcombine, -loop-reduce, -loop-unswitch, -loop-unroll, -basicaa,9857,-gvn, -indvars, -memdep, -loop-rotate, -reassociate, -instcombine, -loop-reduce, -licm, -memdep, -loop-unroll, -licm, -loop-unswitch, -targetlibinfo, -loop-unroll, -prune-eh, -basicaa, -memdep, -no-aa,18,,,,,,,,,,,,,,,,,,,,,,,,,,,,,,,,,,,,,,,,,,,,,,,,,,,,,,,,,,,,,,,,,,,,,,,,,,,,,,,,,,,,,,,,,,,,,,,,,,,,,,,,,,,,,,,,,,,,,,,,,,,,,,,,,,,,,,,,,,,,,,,,
IMG_mad_8x8_c,10132,9852,"1,028421",486166,6061,-scalarrepl-ssa, -indvars, -loop-reduce, -reassociate, -loop-unswitch, -loop-rotate, -instcombine, -loop-unroll, -loop-deletion,9852,-scalarrepl-ssa, -indvars, -globaldce, -loop-reduce, -reassociate, -loop-unswitch, -loop-rotate, -dce, -instcombine, -loop-unroll, -memdep, -loop-deletion,12,,,,,,,,,,,,,,,,,,,,,,,,,,,,,,,,,,,,,,,,,,,,,,,,,,,,,,,,,,,,,,,,,,,,,,,,,,,,,,,,,,,,,,,,,,,,,,,,,,,,,,,,,,,,,,,,,,,,,,,,,,,,,,,,,,,,,,,,,,,,,,,,,,,,,,
IMG_mad_8x8_c,10132,9859,"1,02769",483062,6077,-scalarrepl-ssa, -reassociate, -loop-rotate, -instcombine, -loop-reduce, -loop-unswitch, -sccp, -loop-unroll, -loop-deletion, -indvars,9859,-scalarrepl-ssa, -prune-eh, -reassociate, -loop-rotate, -early-cse, -mergereturn, -tbaa, -indvars, -loops, -instcombine, -loop-simplify, -loop-reduce, -licm, -loop-unswitch, -sccp, -deadargelim, -loop-unroll, -lcssa, -loop-deletion, -memdep, -indvars, -gvn,22,,,,,,,,,,,,,,,,,,,,,,,,,,,,,,,,,,,,,,,,,,,,,,,,,,,,,,,,,,,,,,,,,,,,,,,,,,,,,,,,,,,,,,,,,,,,,,,,,,,,,,,,,,,,,,,,,,,,,,,,,,,,,,,,,,,,,,,,,,,
IMG_median_3x3_c,35291,30278,"1,165566",223202,2930,-loop-rotate, -scalarrepl,30278,-loop-rotate, -scalarrepl,2,,,,,,,,,,,,,,,,,,,,,,,,,,,,,,,,,,,,,,,,,,,,,,,,,,,,,,,,,,,,,,,,,,,,,,,,,,,,,,,,,,,,,,,,,,,,,,,,,,,,,,,,,,,,,,,,,,,,,,,,,,,,,,,,,,,,,,,,,,,,,,,,,,,,,,,,,,,,,,,,,,,,,,,
IMG_median_3x3_c,35291,30278,"1,165566",242477,3197,-loop-rotate, -scalarrepl,30278,-loop-rotate, -scalarrepl,2,,,,,,,,,,,,,,,,,,,,,,,,,,,,,,,,,,,,,,,,,,,,,,,,,,,,,,,,,,,,,,,,,,,,,,,,,,,,,,,,,,,,,,,,,,,,,,,,,,,,,,,,,,,,,,,,,,,,,,,,,,,,,,,,,,,,,,,,,,,,,,,,,,,,,,,,,,,,,,,,,,,,,,,
IMG_median_3x3_c,35291,30278,"1,165566",293410,3686,-loop-rotate, -scalarrepl,30278,-loop-rotate, -scalarrepl,2,,,,,,,,,,,,,,,,,,,,,,,,,,,,,,,,,,,,,,,,,,,,,,,,,,,,,,,,,,,,,,,,,,,,,,,,,,,,,,,,,,,,,,,,,,,,,,,,,,,,,,,,,,,,,,,,,,,,,,,,,,,,,,,,,,,,,,,,,,,,,,,,,,,,,,,,,,,,,,,,,,,,,,,
IMG_perimeter_c,40037,28290,"1,415235",351315,4361,-early-cse, -loop-rotate, -scalarrepl-ssa,28290,-early-cse, -loop-rotate, -scalarrepl-ssa,3,,,,,,,,,,,,,,,,,,,,,,,,,,,,,,,,,,,,,,,,,,,,,,,,,,,,,,,,,,,,,,,,,,,,,,,,,,,,,,,,,,,,,,,,,,,,,,,,,,,,,,,,,,,,,,,,,,,,,,,,,,,,,,,,,,,,,,,,,,,,,,,,,,,,,,,,,,,,,,,,,,,,,
IMG_perimeter_c,40037,26415,"1,515692",458248,5434,-early-cse, -loop-rotate, -basicaa, -licm, -gvn,26415,-early-cse, -loop-rotate, -basicaa, -licm, -gvn,5,,,,,,,,,,,,,,,,,,,,,,,,,,,,,,,,,,,,,,,,,,,,,,,,,,,,,,,,,,,,,,,,,,,,,,,,,,,,,,,,,,,,,,,,,,,,,,,,,,,,,,,,,,,,,,,,,,,,,,,,,,,,,,,,,,,,,,,,,,,,,,,,,,,,,,,,,,,,,,,,,
IMG_perimeter_c,40037,26415,"1,515692",477529,5608,-basicaa, -early-cse, -loop-rotate, -licm, -gvn,26415,-basicaa, -early-cse, -loop-rotate, -licm, -gvn,5,,,,,,,,,,,,,,,,,,,,,,,,,,,,,,,,,,,,,,,,,,,,,,,,,,,,,,,,,,,,,,,,,,,,,,,,,,,,,,,,,,,,,,,,,,,,,,,,,,,,,,,,,,,,,,,,,,,,,,,,,,,,,,,,,,,,,,,,,,,,,,,,,,,,,,,,,,,,,,,,,
IMG_pix_expand_c,12323,11306,"1,089952",262762,3566,-loop-rotate, -mem2reg,11306,-loop-rotate, -mem2reg,1,,,,,,,,,,,,,,,,,,,,,,,,,,,,,,,,,,,,,,,,,,,,,,,,,,,,,,,,,,,,,,,,,,,,,,,,,,,,,,,,,,,,,,,,,,,,,,,,,,,,,,,,,,,,,,,,,,,,,,,,,,,,,,,,,,,,,,,,,,,,,,,,,,,,,,,,,,,,,,,,,,,,,,,
IMG_pix_expand_c,12323,11306,"1,089952",250555,3308,-loop-rotate, -scalarrepl-ssa,11306,-loop-rotate, -scalarrepl-ssa,1,,,,,,,,,,,,,,,,,,,,,,,,,,,,,,,,,,,,,,,,,,,,,,,,,,,,,,,,,,,,,,,,,,,,,,,,,,,,,,,,,,,,,,,,,,,,,,,,,,,,,,,,,,,,,,,,,,,,,,,,,,,,,,,,,,,,,,,,,,,,,,,,,,,,,,,,,,,,,,,,,,,,,,,
IMG_pix_expand_c,12323,11306,"1,089952",293342,3710,-loop-rotate, -scalarrepl-ssa,11306,-loop-rotate, -scalarrepl-ssa,2,,,,,,,,,,,,,,,,,,,,,,,,,,,,,,,,,,,,,,,,,,,,,,,,,,,,,,,,,,,,,,,,,,,,,,,,,,,,,,,,,,,,,,,,,,,,,,,,,,,,,,,,,,,,,,,,,,,,,,,,,,,,,,,,,,,,,,,,,,,,,,,,,,,,,,,,,,,,,,,,,,,,,,,
IMG_pix_sat_c,22589,21567,"1,047387",266343,3494,-scalarrepl, -loop-rotate,21567,-scalarrepl, -loop-rotate,2,,,,,,,,,,,,,,,,,,,,,,,,,,,,,,,,,,,,,,,,,,,,,,,,,,,,,,,,,,,,,,,,,,,,,,,,,,,,,,,,,,,,,,,,,,,,,,,,,,,,,,,,,,,,,,,,,,,,,,,,,,,,,,,,,,,,,,,,,,,,,,,,,,,,,,,,,,,,,,,,,,,,,,,
IMG_pix_sat_c,22589,21567,"1,047387",269471,3408,-scalarrepl-ssa, -loop-rotate,21567,-scalarrepl-ssa, -loop-rotate,2,,,,,,,,,,,,,,,,,,,,,,,,,,,,,,,,,,,,,,,,,,,,,,,,,,,,,,,,,,,,,,,,,,,,,,,,,,,,,,,,,,,,,,,,,,,,,,,,,,,,,,,,,,,,,,,,,,,,,,,,,,,,,,,,,,,,,,,,,,,,,,,,,,,,,,,,,,,,,,,,,,,,,,,
IMG_pix_sat_c,22589,21567,"1,047387",238611,3130,-loop-rotate, -scalarrepl,21567,-loop-rotate, -scalarrepl,2,,,,,,,,,,,,,,,,,,,,,,,,,,,,,,,,,,,,,,,,,,,,,,,,,,,,,,,,,,,,,,,,,,,,,,,,,,,,,,,,,,,,,,,,,,,,,,,,,,,,,,,,,,,,,,,,,,,,,,,,,,,,,,,,,,,,,,,,,,,,,,,,,,,,,,,,,,,,,,,,,,,,,,,
IMG_quantize_c,2008,2008,1,358209,5642,-loop-rotate, -scalarrepl, -instcombine, -indvars, -early-cse,2008,-loop-rotate, -scalarrepl, -instcombine, -indvars, -early-cse,5,,,,,,,,,,,,,,,,,,,,,,,,,,,,,,,,,,,,,,,,,,,,,,,,,,,,,,,,,,,,,,,,,,,,,,,,,,,,,,,,,,,,,,,,,,,,,,,,,,,,,,,,,,,,,,,,,,,,,,,,,,,,,,,,,,,,,,,,,,,,,,,,,,,,,,,,,,,,,,,,,
IMG_quantize_c,2008,2008,1,350826,5363,-sroa, -loop-rotate, -instcombine, -indvars, -gvn,2008,-sroa, -loop-rotate, -instcombine, -indvars, -gvn, -prune-eh,6,,,,,,,,,,,,,,,,,,,,,,,,,,,,,,,,,,,,,,,,,,,,,,,,,,,,,,,,,,,,,,,,,,,,,,,,,,,,,,,,,,,,,,,,,,,,,,,,,,,,,,,,,,,,,,,,,,,,,,,,,,,,,,,,,,,,,,,,,,,,,,,,,,,,,,,,,,,,,,,,
IMG_quantize_c,2008,2008,1,352831,5560,-loop-rotate, -scalarrepl, -indvars, -instcombine, -gvn,2008,-loop-rotate, -scalarrepl, -indvars, -instcombine, -gvn,5,,,,,,,,,,,,,,,,,,,,,,,,,,,,,,,,,,,,,,,,,,,,,,,,,,,,,,,,,,,,,,,,,,,,,,,,,,,,,,,,,,,,,,,,,,,,,,,,,,,,,,,,,,,,,,,,,,,,,,,,,,,,,,,,,,,,,,,,,,,,,,,,,,,,,,,,,,,,,,,,,
IMG_sad_16x16_c,4643,3039,"1,527805",486587,6020,-scalarrepl-ssa, -loop-reduce, -reassociate, -loop-rotate, -loop-unroll, -codegenprepare, -instcombine,3039,-scalarrepl-ssa, -loop-reduce, -reassociate, -loop-rotate, -loop-unroll, -codegenprepare, -instcombine, -dse,8,,,,,,,,,,,,,,,,,,,,,,,,,,,,,,,,,,,,,,,,,,,,,,,,,,,,,,,,,,,,,,,,,,,,,,,,,,,,,,,,,,,,,,,,,,,,,,,,,,,,,,,,,,,,,,,,,,,,,,,,,,,,,,,,,,,,,,,,,,,,,,,,,,,,,,,,,,,,
IMG_sad_16x16_c,4643,3039,"1,527805",440436,5925,-loop-rotate, -scalarrepl-ssa, -loop-reduce, -reassociate, -loop-unroll, -codegenprepare, -instcombine,3039,-loop-rotate, -scalarrepl, -scalarrepl-ssa, -loop-reduce, -reassociate, -loop-unroll, -codegenprepare, -instcombine, -functionattrs,9,,,,,,,,,,,,,,,,,,,,,,,,,,,,,,,,,,,,,,,,,,,,,,,,,,,,,,,,,,,,,,,,,,,,,,,,,,,,,,,,,,,,,,,,,,,,,,,,,,,,,,,,,,,,,,,,,,,,,,,,,,,,,,,,,,,,,,,,,,,,,,,,,,,,,,,,,,,
IMG_sad_16x16_c,4643,3041,"1,5268",489672,6079,-scalarrepl, -loop-reduce, -indvars, -reassociate, -loop-rotate, -loop-unroll, -loop-reduce, -instcombine,3041,-loop-unroll, -scalarrepl, -loop-reduce, -scalar-evolution, -indvars, -reassociate, -lcssa, -loop-rotate, -loop-unroll, -scalarrepl, -loop-reduce, -strip-dead-prototypes, -instcombine,13,,,,,,,,,,,,,,,,,,,,,,,,,,,,,,,,,,,,,,,,,,,,,,,,,,,,,,,,,,,,,,,,,,,,,,,,,,,,,,,,,,,,,,,,,,,,,,,,,,,,,,,,,,,,,,,,,,,,,,,,,,,,,,,,,,,,,,,,,,,,,,,,,,,,,,
IMG_sad_8x8_c,878,877,"1,00114",452123,6084,-instcombine, -reassociate, -scalarrepl-ssa, -loop-rotate, -loop-reduce, -loop-unroll, -codegenprepare,877,-instcombine, -reassociate, -scalarrepl-ssa, -loop-rotate, -constprop, -loop-reduce, -instcombine, -loop-unroll, -loop-idiom, -codegenprepare,10,,,,,,,,,,,,,,,,,,,,,,,,,,,,,,,,,,,,,,,,,,,,,,,,,,,,,,,,,,,,,,,,,,,,,,,,,,,,,,,,,,,,,,,,,,,,,,,,,,,,,,,,,,,,,,,,,,,,,,,,,,,,,,,,,,,,,,,,,,,,,,,,,,,,,,,,,,
IMG_sad_8x8_c,878,878,1,379292,5624,-loop-rotate, -instcombine, -reassociate, -scalarrepl, -loop-unroll,878,-loop-rotate, -instcombine, -reassociate, -scalarrepl, -loop-unroll,5,,,,,,,,,,,,,,,,,,,,,,,,,,,,,,,,,,,,,,,,,,,,,,,,,,,,,,,,,,,,,,,,,,,,,,,,,,,,,,,,,,,,,,,,,,,,,,,,,,,,,,,,,,,,,,,,,,,,,,,,,,,,,,,,,,,,,,,,,,,,,,,,,,,,,,,,,,,,,,,,,
IMG_sad_8x8_c,878,878,1,373098,5516,-scalarrepl-ssa, -loop-rotate, -reassociate, -instcombine, -loop-unroll,878,-scalarrepl-ssa, -loop-rotate, -reassociate, -instcombine, -loop-unroll,5,,,,,,,,,,,,,,,,,,,,,,,,,,,,,,,,,,,,,,,,,,,,,,,,,,,,,,,,,,,,,,,,,,,,,,,,,,,,,,,,,,,,,,,,,,,,,,,,,,,,,,,,,,,,,,,,,,,,,,,,,,,,,,,,,,,,,,,,,,,,,,,,,,,,,,,,,,,,,,,,,
IMG_sobel_c,14187,12910,"1,098916",558926,5846,-reassociate, -reassociate, -loop-rotate, -scalarrepl, -indvars, -simplifycfg, -instcombine,12910,-reassociate, -reassociate, -loop-rotate, -scalarrepl, -indvars, -simplifycfg, -instcombine,7,,,,,,,,,,,,,,,,,,,,,,,,,,,,,,,,,,,,,,,,,,,,,,,,,,,,,,,,,,,,,,,,,,,,,,,,,,,,,,,,,,,,,,,,,,,,,,,,,,,,,,,,,,,,,,,,,,,,,,,,,,,,,,,,,,,,,,,,,,,,,,,,,,,,,,,,,,,,,
IMG_sobel_c,14187,12793,"1,108966",427904,5696,-reassociate, -scalarrepl, -early-cse, -loop-rotate, -reassociate, -instcombine,12793,-reassociate, -scalarrepl, -early-cse, -loop-rotate, -reassociate, -instcombine, -loop-simplify,7,,,,,,,,,,,,,,,,,,,,,,,,,,,,,,,,,,,,,,,,,,,,,,,,,,,,,,,,,,,,,,,,,,,,,,,,,,,,,,,,,,,,,,,,,,,,,,,,,,,,,,,,,,,,,,,,,,,,,,,,,,,,,,,,,,,,,,,,,,,,,,,,,,,,,,,,,,,,,,
IMG_sobel_c,14187,12910,"1,098916",484406,5886,-loop-rotate, -scalarrepl, -reassociate, -reassociate, -simplifycfg, -instcombine, -indvars,12910,-loop-rotate, -scalarrepl, -simplifycfg, -reassociate, -reassociate, -simplifycfg, -instcombine, -indvars,8,,,,,,,,,,,,,,,,,,,,,,,,,,,,,,,,,,,,,,,,,,,,,,,,,,,,,,,,,,,,,,,,,,,,,,,,,,,,,,,,,,,,,,,,,,,,,,,,,,,,,,,,,,,,,,,,,,,,,,,,,,,,,,,,,,,,,,,,,,,,,,,,,,,,,,,,,,,,
IMG_wave_horz_c,99866,99454,"1,004143",857874,6105,-gvn, -loop-rotate, -loop-unroll, -indvars, -instcombine, -jump-threading, -basicaa, -structurizecfg, -gvn, -jump-threading, -loop-reduce,99454,-jump-threading, -gvn, -loop-rotate, -loop-unroll, -mergereturn, -indvars, -instcombine, -gvn, -adce, -jump-threading, -functionattrs, -bounds-checking, -gvn, -basicaa, -loop-instsimplify, -structurizecfg, -gvn, -prune-eh, -jump-threading, -loop-reduce, -loop-simplify,21,,,,,,,,,,,,,,,,,,,,,,,,,,,,,,,,,,,,,,,,,,,,,,,,,,,,,,,,,,,,,,,,,,,,,,,,,,,,,,,,,,,,,,,,,,,,,,,,,,,,,,,,,,,,,,,,,,,,,,,,,,,,,,,,,,,,,,,,,,,
IMG_wave_horz_c,99866,99580,"1,002872",848830,6050,-loop-rotate, -gvn, -indvars, -jump-threading, -loop-unroll, -basicaa, -instcombine, -early-cse, -indvars,99580,-loop-rotate, -lowerinvoke, -gvn, -inline, -domtree, -indvars, -loop-rotate, -jump-threading, -memcpyopt, -instsimplify, -die, -loop-unroll, -basicaa, -instcombine, -loop-instsimplify, -early-cse, -domtree, -indvars,18,,,,,,,,,,,,,,,,,,,,,,,,,,,,,,,,,,,,,,,,,,,,,,,,,,,,,,,,,,,,,,,,,,,,,,,,,,,,,,,,,,,,,,,,,,,,,,,,,,,,,,,,,,,,,,,,,,,,,,,,,,,,,,,,,,,,,,,,,,,,,,,,
IMG_wave_horz_c,99866,99724,"1,001424",834536,6111,-reassociate, -loop-rotate, -gvn, -scalarrepl-ssa, -loop-unroll, -ipsccp, -instcombine, -gvn, -indvars, -simplifycfg, -loop-simplify, -early-cse,99724,-mergereturn, -licm, -reassociate, -correlated-propagation, -loops, -loop-rotate, -gvn, -lazy-value-info, -scalarrepl-ssa, -licm, -scalarrepl-ssa, -licm, -loop-unroll, -mergereturn, -lcssa, -ipsccp, -instcombine, -lazy-value-info, -gvn, -lowerinvoke, -indvars, -lcssa, -simplifycfg, -loop-simplify, -early-cse,25,,,,,,,,,,,,,,,,,,,,,,,,,,,,,,,,,,,,,,,,,,,,,,,,,,,,,,,,,,,,,,,,,,,,,,,,,,,,,,,,,,,,,,,,,,,,,,,,,,,,,,,,,,,,,,,,,,,,,,,,,,,,,,,,,,,,,,
IMG_wave_vert_c,5185,5164,"1,004067",442747,5975,-loop-rotate, -gvn, -basicaa, -scalarrepl, -indvars, -jump-threading, -loop-simplify, -early-cse, -loop-unroll,5164,-loop-rotate, -gvn, -basicaa, -scalarrepl, -indvars, -jump-threading, -loop-simplify, -early-cse, -loop-unroll, -ipsccp,10,,,,,,,,,,,,,,,,,,,,,,,,,,,,,,,,,,,,,,,,,,,,,,,,,,,,,,,,,,,,,,,,,,,,,,,,,,,,,,,,,,,,,,,,,,,,,,,,,,,,,,,,,,,,,,,,,,,,,,,,,,,,,,,,,,,,,,,,,,,,,,,,,,,,,,,,
IMG_wave_vert_c,5185,5164,"1,004067",480743,5897,-loop-rotate, -scalarrepl, -loop-unroll, -gvn, -jump-threading, -indvars, -gvn,5164,-loop-rotate, -scalarrepl, -mergereturn, -loop-unroll, -gvn, -jump-threading, -indvars, -gvn, -correlated-propagation,9,,,,,,,,,,,,,,,,,,,,,,,,,,,,,,,,,,,,,,,,,,,,,,,,,,,,,,,,,,,,,,,,,,,,,,,,,,,,,,,,,,,,,,,,,,,,,,,,,,,,,,,,,,,,,,,,,,,,,,,,,,,,,,,,,,,,,,,,,,,,,,,,,,,,,,,,,,,
IMG_wave_vert_c,5185,5164,"1,004067",454144,5989,-loop-rotate, -scalarrepl-ssa, -gvn, -indvars, -simplifycfg, -loop-unroll, -gvn,5164,-loop-rotate, -scalarrepl-ssa, -gvn, -indvars, -simplifycfg, -lower-expect, -loop-unroll, -gvn,8,,,,,,,,,,,,,,,,,,,,,,,,,,,,,,,,,,,,,,,,,,,,,,,,,,,,,,,,,,,,,,,,,,,,,,,,,,,,,,,,,,,,,,,,,,,,,,,,,,,,,,,,,,,,,,,,,,,,,,,,,,,,,,,,,,,,,,,,,,,,,,,,,,,,,,,,,,,,
IMG_ycbcr422p_rgb565_c,5010,4427,"1,131692",417263,5799,-loop-rotate, -basicaa, -licm, -loop-reduce, -licm, -loop-reduce, -sink, -scalarrepl,4427,-loop-rotate, -basicaa, -licm, -loop-reduce, -licm, -loop-reduce, -sink, -scalarrepl, -domtree,9,,,,,,,,,,,,,,,,,,,,,,,,,,,,,,,,,,,,,,,,,,,,,,,,,,,,,,,,,,,,,,,,,,,,,,,,,,,,,,,,,,,,,,,,,,,,,,,,,,,,,,,,,,,,,,,,,,,,,,,,,,,,,,,,,,,,,,,,,,,,,,,,,,,,,,,,,,
IMG_ycbcr422p_rgb565_c,5010,4483,"1,117555",257678,3935,-scalarrepl, -sink, -loop-rotate,4483,-scalarrepl, -sink, -loop-rotate,3,,,,,,,,,,,,,,,,,,,,,,,,,,,,,,,,,,,,,,,,,,,,,,,,,,,,,,,,,,,,,,,,,,,,,,,,,,,,,,,,,,,,,,,,,,,,,,,,,,,,,,,,,,,,,,,,,,,,,,,,,,,,,,,,,,,,,,,,,,,,,,,,,,,,,,,,,,,,,,,,,,,,,
IMG_ycbcr422p_rgb565_c,5010,4483,"1,117555",284366,4301,-loop-rotate, -scalarrepl-ssa, -sink,4483,-loop-rotate, -scalarrepl-ssa, -sink,3,,,,,,,,,,,,,,,,,,,,,,,,,,,,,,,,,,,,,,,,,,,,,,,,,,,,,,,,,,,,,,,,,,,,,,,,,,,,,,,,,,,,,,,,,,,,,,,,,,,,,,,,,,,,,,,,,,,,,,,,,,,,,,,,,,,,,,,,,,,,,,,,,,,,,,,,,,,,,,,,,,,,,
IMG_yc_demux_be16_c,578,578,1,285756,4431,-scalarrepl-ssa, -loop-rotate, -indvars,578,-scalarrepl-ssa, -loop-rotate, -indvars,3,,,,,,,,,,,,,,,,,,,,,,,,,,,,,,,,,,,,,,,,,,,,,,,,,,,,,,,,,,,,,,,,,,,,,,,,,,,,,,,,,,,,,,,,,,,,,,,,,,,,,,,,,,,,,,,,,,,,,,,,,,,,,,,,,,,,,,,,,,,,,,,,,,,,,,,,,,,,,,,,,,,,,
IMG_yc_demux_be16_c,578,574,"1,006969",443245,6030,-instcombine, -licm, -loop-reduce, -basicaa, -scalarrepl, -loop-rotate, -indvars,574,-ipconstprop, -instcombine, -licm, -dse, -loop-reduce, -basicaa, -scalarrepl, -loop-rotate, -indvars, -instcombine, -mergefunc, -inline,12,,,,,,,,,,,,,,,,,,,,,,,,,,,,,,,,,,,,,,,,,,,,,,,,,,,,,,,,,,,,,,,,,,,,,,,,,,,,,,,,,,,,,,,,,,,,,,,,,,,,,,,,,,,,,,,,,,,,,,,,,,,,,,,,,,,,,,,,,,,,,,,,,,,,,,,,
IMG_yc_demux_be16_c,578,578,1,319694,4972,-scalarrepl-ssa, -loop-rotate, -indvars,578,-scalarrepl-ssa, -loop-rotate, -indvars,3,,,,,,,,,,,,,,,,,,,,,,,,,,,,,,,,,,,,,,,,,,,,,,,,,,,,,,,,,,,,,,,,,,,,,,,,,,,,,,,,,,,,,,,,,,,,,,,,,,,,,,,,,,,,,,,,,,,,,,,,,,,,,,,,,,,,,,,,,,,,,,,,,,,,,,,,,,,,,,,,,,,,,
IMG_yc_demux_le16_c,578,578,1,289851,4474,-scalarrepl, -loop-rotate, -indvars,578,-scalarrepl, -loop-rotate, -indvars,3,,,,,,,,,,,,,,,,,,,,,,,,,,,,,,,,,,,,,,,,,,,,,,,,,,,,,,,,,,,,,,,,,,,,,,,,,,,,,,,,,,,,,,,,,,,,,,,,,,,,,,,,,,,,,,,,,,,,,,,,,,,,,,,,,,,,,,,,,,,,,,,,,,,,,,,,,,,,,,,,,,,,,
IMG_yc_demux_le16_c,578,578,1,274290,4190,-scalarrepl, -loop-rotate, -indvars,578,-scalarrepl, -loop-rotate, -indvars,3,,,,,,,,,,,,,,,,,,,,,,,,,,,,,,,,,,,,,,,,,,,,,,,,,,,,,,,,,,,,,,,,,,,,,,,,,,,,,,,,,,,,,,,,,,,,,,,,,,,,,,,,,,,,,,,,,,,,,,,,,,,,,,,,,,,,,,,,,,,,,,,,,,,,,,,,,,,,,,,,,,,,,
IMG_yc_demux_le16_c,578,561,"1,030303",363763,5592,-scalarrepl-ssa, -reassociate, -slsr, -loop-rotate, -indvars,561,-scalarrepl-ssa, -reassociate, -slsr, -loop-rotate, -indvars,5,,,,,,,,,,,,,,,,,,,,,,,,,,,,,,,,,,,,,,,,,,,,,,,,,,,,,,,,,,,,,,,,,,,,,,,,,,,,,,,,,,,,,,,,,,,,,,,,,,,,,,,,,,,,,,,,,,,,,,,,,,,,,,,,,,,,,,,,,,,,,,,,,,,,,,,,,,,,,,,,,
,,,,,,,,,,,,,,,,,,,,,,,,,,,,,,,,,,,,,,,,,,,,,,,,,,,,,,,,,,,,,,,,,,,,,,,,,,,,,,,,,,,,,,,,,,,,,,,,,,,,,,,,,,,,,,,,,,,,,,,,,,,,,,,,,,,,,,,,,,,,,,,,,,,,,,,,,,,,,,,,,,,,,,,,,,,,,,,,,,
,,,,,,,,,,,,,,,,,,,,,,,,,,,,,,,,,,,,,,,,,,,,,,,,,,,,,,,,,,,,,,,,,,,,,,,,,,,,,,,,,,,,,,,,,,,,,,,,,,,,,,,,,,,,,,,,,,,,,,,,,,,,,,,,,,,,,,,,,,,,,,,,,,,,,,,,,,,,,,,,,,,,,,,,,,,,,,,,,,
0,,,,,,,,,,,,,,,,,,,,,,,,,,,,,,,,,,,,,,,,,,,,,,,,,,,,,,,,,,,,,,,,,,,,,,,,,,,,,,,,,,,,,,,,,,,,,,,,,,,,,,,,,,,,,,,,,,,,,,,,,,,,,,,,,,,,,,,,,,,,,,,,,,,,,,,,,,,,,,,,,,,,,,,,,,,,,,,,,,
0,,,,,,,,,,,,,,,,,,,,,,,,,,,,,,,,,,,,,,,,,,,,,,,,,,,,,,,,,,,,,,,,,,,,,,,,,,,,,,,,,,,,,,,,,,,,,,,,,,,,,,,,,,,,,,,,,,,,,,,,,,,,,,,,,,,,,,,,,,,,,,,,,,,,,,,,,,,,,,,,,,,,,,,,,,,,,,,,,,
0,,,,,,,,,,,,,,,,,,,,,,,,,,,,,,,,,,,,,,,,,,,,,,,,,,,,,,,,,,,,,,,,,,,,,,,,,,,,,,,,,,,,,,,,,,,,,,,,,,,,,,,,,,,,,,,,,,,,,,,,,,,,,,,,,,,,,,,,,,,,,,,,,,,,,,,,,,,,,,,,,,,,,,,,,,,,,,,,,,
0,,,,,,,,,,,,,,,,,,,,,,,,,,,,,,,,,,,,,,,,,,,,,,,,,,,,,,,,,,,,,,,,,,,,,,,,,,,,,,,,,,,,,,,,,,,,,,,,,,,,,,,,,,,,,,,,,,,,,,,,,,,,,,,,,,,,,,,,,,,,,,,,,,,,,,,,,,,,,,,,,,,,,,,,,,,,,,,,,,
0,,,,,,,,,,,,,,,,,,,,,,,,,,,,,,,,,,,,,,,,,,,,,,,,,,,,,,,,,,,,,,,,,,,,,,,,,,,,,,,,,,,,,,,,,,,,,,,,,,,,,,,,,,,,,,,,,,,,,,,,,,,,,,,,,,,,,,,,,,,,,,,,,,,,,,,,,,,,,,,,,,,,,,,,,,,,,,,,,,
0,,,,,,,,,,,,,,,,,,,,,,,,,,,,,,,,,,,,,,,,,,,,,,,,,,,,,,,,,,,,,,,,,,,,,,,,,,,,,,,,,,,,,,,,,,,,,,,,,,,,,,,,,,,,,,,,,,,,,,,,,,,,,,,,,,,,,,,,,,,,,,,,,,,,,,,,,,,,,,,,,,,,,,,,,,,,,,,,,,
0,,,,,,,,,,,,,,,,,,,,,,,,,,,,,,,,,,,,,,,,,,,,,,,,,,,,,,,,,,,,,,,,,,,,,,,,,,,,,,,,,,,,,,,,,,,,,,,,,,,,,,,,,,,,,,,,,,,,,,,,,,,,,,,,,,,,,,,,,,,,,,,,,,,,,,,,,,,,,,,,,,,,,,,,,,,,,,,,,,
0,,,,,,,,,,,,,,,,,,,,,,,,,,,,,,,,,,,,,,,,,,,,,,,,,,,,,,,,,,,,,,,,,,,,,,,,,,,,,,,,,,,,,,,,,,,,,,,,,,,,,,,,,,,,,,,,,,,,,,,,,,,,,,,,,,,,,,,,,,,,,,,,,,,,,,,,,,,,,,,,,,,,,,,,,,,,,,,,,,
0,,,,,,,,,,,,,,,,,,,,,,,,,,,,,,,,,,,,,,,,,,,,,,,,,,,,,,,,,,,,,,,,,,,,,,,,,,,,,,,,,,,,,,,,,,,,,,,,,,,,,,,,,,,,,,,,,,,,,,,,,,,,,,,,,,,,,,,,,,,,,,,,,,,,,,,,,,,,,,,,,,,,,,,,,,,,,,,,,,
0,,,,,,,,,,,,,,,,,,,,,,,,,,,,,,,,,,,,,,,,,,,,,,,,,,,,,,,,,,,,,,,,,,,,,,,,,,,,,,,,,,,,,,,,,,,,,,,,,,,,,,,,,,,,,,,,,,,,,,,,,,,,,,,,,,,,,,,,,,,,,,,,,,,,,,,,,,,,,,,,,,,,,,,,,,,,,,,,,,
0,,,,,,,,,,,,,,,,,,,,,,,,,,,,,,,,,,,,,,,,,,,,,,,,,,,,,,,,,,,,,,,,,,,,,,,,,,,,,,,,,,,,,,,,,,,,,,,,,,,,,,,,,,,,,,,,,,,,,,,,,,,,,,,,,,,,,,,,,,,,,,,,,,,,,,,,,,,,,,,,,,,,,,,,,,,,,,,,,,
0,,,,,,,,,,,,,,,,,,,,,,,,,,,,,,,,,,,,,,,,,,,,,,,,,,,,,,,,,,,,,,,,,,,,,,,,,,,,,,,,,,,,,,,,,,,,,,,,,,,,,,,,,,,,,,,,,,,,,,,,,,,,,,,,,,,,,,,,,,,,,,,,,,,,,,,,,,,,,,,,,,,,,,,,,,,,,,,,,,
0,,,,,,,,,,,,,,,,,,,,,,,,,,,,,,,,,,,,,,,,,,,,,,,,,,,,,,,,,,,,,,,,,,,,,,,,,,,,,,,,,,,,,,,,,,,,,,,,,,,,,,,,,,,,,,,,,,,,,,,,,,,,,,,,,,,,,,,,,,,,,,,,,,,,,,,,,,,,,,,,,,,,,,,,,,,,,,,,,,
0,,,,,,,,,,,,,,,,,,,,,,,,,,,,,,,,,,,,,,,,,,,,,,,,,,,,,,,,,,,,,,,,,,,,,,,,,,,,,,,,,,,,,,,,,,,,,,,,,,,,,,,,,,,,,,,,,,,,,,,,,,,,,,,,,,,,,,,,,,,,,,,,,,,,,,,,,,,,,,,,,,,,,,,,,,,,,,,,,,
0,,,,,,,,,,,,,,,,,,,,,,,,,,,,,,,,,,,,,,,,,,,,,,,,,,,,,,,,,,,,,,,,,,,,,,,,,,,,,,,,,,,,,,,,,,,,,,,,,,,,,,,,,,,,,,,,,,,,,,,,,,,,,,,,,,,,,,,,,,,,,,,,,,,,,,,,,,,,,,,,,,,,,,,,,,,,,,,,,,
0,,,,,,,,,,,,,,,,,,,,,,,,,,,,,,,,,,,,,,,,,,,,,,,,,,,,,,,,,,,,,,,,,,,,,,,,,,,,,,,,,,,,,,,,,,,,,,,,,,,,,,,,,,,,,,,,,,,,,,,,,,,,,,,,,,,,,,,,,,,,,,,,,,,,,,,,,,,,,,,,,,,,,,,,,,,,,,,,,,
0,,,,,,,,,,,,,,,,,,,,,,,,,,,,,,,,,,,,,,,,,,,,,,,,,,,,,,,,,,,,,,,,,,,,,,,,,,,,,,,,,,,,,,,,,,,,,,,,,,,,,,,,,,,,,,,,,,,,,,,,,,,,,,,,,,,,,,,,,,,,,,,,,,,,,,,,,,,,,,,,,,,,,,,,,,,,,,,,,,
0,,,,,,,,,,,,,,,,,,,,,,,,,,,,,,,,,,,,,,,,,,,,,,,,,,,,,,,,,,,,,,,,,,,,,,,,,,,,,,,,,,,,,,,,,,,,,,,,,,,,,,,,,,,,,,,,,,,,,,,,,,,,,,,,,,,,,,,,,,,,,,,,,,,,,,,,,,,,,,,,,,,,,,,,,,,,,,,,,,
0,,,,,,,,,,,,,,,,,,,,,,,,,,,,,,,,,,,,,,,,,,,,,,,,,,,,,,,,,,,,,,,,,,,,,,,,,,,,,,,,,,,,,,,,,,,,,,,,,,,,,,,,,,,,,,,,,,,,,,,,,,,,,,,,,,,,,,,,,,,,,,,,,,,,,,,,,,,,,,,,,,,,,,,,,,,,,,,,,,
0,,,,,,,,,,,,,,,,,,,,,,,,,,,,,,,,,,,,,,,,,,,,,,,,,,,,,,,,,,,,,,,,,,,,,,,,,,,,,,,,,,,,,,,,,,,,,,,,,,,,,,,,,,,,,,,,,,,,,,,,,,,,,,,,,,,,,,,,,,,,,,,,,,,,,,,,,,,,,,,,,,,,,,,,,,,,,,,,,,
0,,,,,,,,,,,,,,,,,,,,,,,,,,,,,,,,,,,,,,,,,,,,,,,,,,,,,,,,,,,,,,,,,,,,,,,,,,,,,,,,,,,,,,,,,,,,,,,,,,,,,,,,,,,,,,,,,,,,,,,,,,,,,,,,,,,,,,,,,,,,,,,,,,,,,,,,,,,,,,,,,,,,,,,,,,,,,,,,,,
0,,,,,,,,,,,,,,,,,,,,,,,,,,,,,,,,,,,,,,,,,,,,,,,,,,,,,,,,,,,,,,,,,,,,,,,,,,,,,,,,,,,,,,,,,,,,,,,,,,,,,,,,,,,,,,,,,,,,,,,,,,,,,,,,,,,,,,,,,,,,,,,,,,,,,,,,,,,,,,,,,,,,,,,,,,,,,,,,,,
0,,,,,,,,,,,,,,,,,,,,,,,,,,,,,,,,,,,,,,,,,,,,,,,,,,,,,,,,,,,,,,,,,,,,,,,,,,,,,,,,,,,,,,,,,,,,,,,,,,,,,,,,,,,,,,,,,,,,,,,,,,,,,,,,,,,,,,,,,,,,,,,,,,,,,,,,,,,,,,,,,,,,,,,,,,,,,,,,,,
0,,,,,,,,,,,,,,,,,,,,,,,,,,,,,,,,,,,,,,,,,,,,,,,,,,,,,,,,,,,,,,,,,,,,,,,,,,,,,,,,,,,,,,,,,,,,,,,,,,,,,,,,,,,,,,,,,,,,,,,,,,,,,,,,,,,,,,,,,,,,,,,,,,,,,,,,,,,,,,,,,,,,,,,,,,,,,,,,,,
0,,,,,,,,,,,,,,,,,,,,,,,,,,,,,,,,,,,,,,,,,,,,,,,,,,,,,,,,,,,,,,,,,,,,,,,,,,,,,,,,,,,,,,,,,,,,,,,,,,,,,,,,,,,,,,,,,,,,,,,,,,,,,,,,,,,,,,,,,,,,,,,,,,,,,,,,,,,,,,,,,,,,,,,,,,,,,,,,,,
0,,,,,,,,,,,,,,,,,,,,,,,,,,,,,,,,,,,,,,,,,,,,,,,,,,,,,,,,,,,,,,,,,,,,,,,,,,,,,,,,,,,,,,,,,,,,,,,,,,,,,,,,,,,,,,,,,,,,,,,,,,,,,,,,,,,,,,,,,,,,,,,,,,,,,,,,,,,,,,,,,,,,,,,,,,,,,,,,,,
0,,,,,,,,,,,,,,,,,,,,,,,,,,,,,,,,,,,,,,,,,,,,,,,,,,,,,,,,,,,,,,,,,,,,,,,,,,,,,,,,,,,,,,,,,,,,,,,,,,,,,,,,,,,,,,,,,,,,,,,,,,,,,,,,,,,,,,,,,,,,,,,,,,,,,,,,,,,,,,,,,,,,,,,,,,,,,,,,,,
0,,,,,,,,,,,,,,,,,,,,,,,,,,,,,,,,,,,,,,,,,,,,,,,,,,,,,,,,,,,,,,,,,,,,,,,,,,,,,,,,,,,,,,,,,,,,,,,,,,,,,,,,,,,,,,,,,,,,,,,,,,,,,,,,,,,,,,,,,,,,,,,,,,,,,,,,,,,,,,,,,,,,,,,,,,,,,,,,,,
0,,,,,,,,,,,,,,,,,,,,,,,,,,,,,,,,,,,,,,,,,,,,,,,,,,,,,,,,,,,,,,,,,,,,,,,,,,,,,,,,,,,,,,,,,,,,,,,,,,,,,,,,,,,,,,,,,,,,,,,,,,,,,,,,,,,,,,,,,,,,,,,,,,,,,,,,,,,,,,,,,,,,,,,,,,,,,,,,,,
0,,,,,,,,,,,,,,,,,,,,,,,,,,,,,,,,,,,,,,,,,,,,,,,,,,,,,,,,,,,,,,,,,,,,,,,,,,,,,,,,,,,,,,,,,,,,,,,,,,,,,,,,,,,,,,,,,,,,,,,,,,,,,,,,,,,,,,,,,,,,,,,,,,,,,,,,,,,,,,,,,,,,,,,,,,,,,,,,,,
0,,,,,,,,,,,,,,,,,,,,,,,,,,,,,,,,,,,,,,,,,,,,,,,,,,,,,,,,,,,,,,,,,,,,,,,,,,,,,,,,,,,,,,,,,,,,,,,,,,,,,,,,,,,,,,,,,,,,,,,,,,,,,,,,,,,,,,,,,,,,,,,,,,,,,,,,,,,,,,,,,,,,,,,,,,,,,,,,,,
0,,,,,,,,,,,,,,,,,,,,,,,,,,,,,,,,,,,,,,,,,,,,,,,,,,,,,,,,,,,,,,,,,,,,,,,,,,,,,,,,,,,,,,,,,,,,,,,,,,,,,,,,,,,,,,,,,,,,,,,,,,,,,,,,,,,,,,,,,,,,,,,,,,,,,,,,,,,,,,,,,,,,,,,,,,,,,,,,,,
0,,,,,,,,,,,,,,,,,,,,,,,,,,,,,,,,,,,,,,,,,,,,,,,,,,,,,,,,,,,,,,,,,,,,,,,,,,,,,,,,,,,,,,,,,,,,,,,,,,,,,,,,,,,,,,,,,,,,,,,,,,,,,,,,,,,,,,,,,,,,,,,,,,,,,,,,,,,,,,,,,,,,,,,,,,,,,,,,,,
0,,,,,,,,,,,,,,,,,,,,,,,,,,,,,,,,,,,,,,,,,,,,,,,,,,,,,,,,,,,,,,,,,,,,,,,,,,,,,,,,,,,,,,,,,,,,,,,,,,,,,,,,,,,,,,,,,,,,,,,,,,,,,,,,,,,,,,,,,,,,,,,,,,,,,,,,,,,,,,,,,,,,,,,,,,,,,,,,,,
0,,,,,,,,,,,,,,,,,,,,,,,,,,,,,,,,,,,,,,,,,,,,,,,,,,,,,,,,,,,,,,,,,,,,,,,,,,,,,,,,,,,,,,,,,,,,,,,,,,,,,,,,,,,,,,,,,,,,,,,,,,,,,,,,,,,,,,,,,,,,,,,,,,,,,,,,,,,,,,,,,,,,,,,,,,,,,,,,,,
0,,,,,,,,,,,,,,,,,,,,,,,,,,,,,,,,,,,,,,,,,,,,,,,,,,,,,,,,,,,,,,,,,,,,,,,,,,,,,,,,,,,,,,,,,,,,,,,,,,,,,,,,,,,,,,,,,,,,,,,,,,,,,,,,,,,,,,,,,,,,,,,,,,,,,,,,,,,,,,,,,,,,,,,,,,,,,,,,,,
0,,,,,,,,,,,,,,,,,,,,,,,,,,,,,,,,,,,,,,,,,,,,,,,,,,,,,,,,,,,,,,,,,,,,,,,,,,,,,,,,,,,,,,,,,,,,,,,,,,,,,,,,,,,,,,,,,,,,,,,,,,,,,,,,,,,,,,,,,,,,,,,,,,,,,,,,,,,,,,,,,,,,,,,,,,,,,,,,,,
0,,,,,,,,,,,,,,,,,,,,,,,,,,,,,,,,,,,,,,,,,,,,,,,,,,,,,,,,,,,,,,,,,,,,,,,,,,,,,,,,,,,,,,,,,,,,,,,,,,,,,,,,,,,,,,,,,,,,,,,,,,,,,,,,,,,,,,,,,,,,,,,,,,,,,,,,,,,,,,,,,,,,,,,,,,,,,,,,,,
0,,,,,,,,,,,,,,,,,,,,,,,,,,,,,,,,,,,,,,,,,,,,,,,,,,,,,,,,,,,,,,,,,,,,,,,,,,,,,,,,,,,,,,,,,,,,,,,,,,,,,,,,,,,,,,,,,,,,,,,,,,,,,,,,,,,,,,,,,,,,,,,,,,,,,,,,,,,,,,,,,,,,,,,,,,,,,,,,,,
0,,,,,,,,,,,,,,,,,,,,,,,,,,,,,,,,,,,,,,,,,,,,,,,,,,,,,,,,,,,,,,,,,,,,,,,,,,,,,,,,,,,,,,,,,,,,,,,,,,,,,,,,,,,,,,,,,,,,,,,,,,,,,,,,,,,,,,,,,,,,,,,,,,,,,,,,,,,,,,,,,,,,,,,,,,,,,,,,,,
0,,,,,,,,,,,,,,,,,,,,,,,,,,,,,,,,,,,,,,,,,,,,,,,,,,,,,,,,,,,,,,,,,,,,,,,,,,,,,,,,,,,,,,,,,,,,,,,,,,,,,,,,,,,,,,,,,,,,,,,,,,,,,,,,,,,,,,,,,,,,,,,,,,,,,,,,,,,,,,,,,,,,,,,,,,,,,,,,,,
0,,,,,,,,,,,,,,,,,,,,,,,,,,,,,,,,,,,,,,,,,,,,,,,,,,,,,,,,,,,,,,,,,,,,,,,,,,,,,,,,,,,,,,,,,,,,,,,,,,,,,,,,,,,,,,,,,,,,,,,,,,,,,,,,,,,,,,,,,,,,,,,,,,,,,,,,,,,,,,,,,,,,,,,,,,,,,,,,,,
,,,,,,,,,,,,,,,,,,,,,,,,,,,,,,,,,,,,,,,,,,,,,,,,,,,,,,,,,,,,,,,,,,,,,,,,,,,,,,,,,,,,,,,,,,,,,,,,,,,,,,,,,,,,,,,,,,,,,,,,,,,,,,,,,,,,,,,,,,,,,,,,,,,,,,,,,,,,,,,,,,,,,,,,,,,,,,,,,,
,,,,,,,,,,,,,,,,,,,,,,,,,,,,,,,,,,,,,,,,,,,,,,,,,,,,,,,,,,,,,,,,,,,,,,,,,,,,,,,,,,,,,,,,,,,,,,,,,,,,,,,,,,,,,,,,,,,,,,,,,,,,,,,,,,,,,,,,,,,,,,,,,,,,,,,,,,,,,,,,,,,,,,,,,,,,,,,,,,
"1,0738746667","8,7183611111",,,,,,,,,,,,,,,,,,,,,,,,,,,,,,,,,,,,,,,,,,,,,,,,,,,,,,,,,,,,,,,,,,,,,,,,,,,,,,,,,,,,,,,,,,,,,,,,,,,,,,,,,,,,,,,,,,,,,,,,,,,,,,,,,,,,,,,,,,,,,,,,,,,,,,,,,,,,,,,,,,,,,,,,,,,,,,,,,
"1,0008206667","5,9710166667",,,,,,,,,,,,,,,,,,,,,,,,,,,,,,,,,,,,,,,,,,,,,,,,,,,,,,,,,,,,,,,,,,,,,,,,,,,,,,,,,,,,,,,,,,,,,,,,,,,,,,,,,,,,,,,,,,,,,,,,,,,,,,,,,,,,,,,,,,,,,,,,,,,,,,,,,,,,,,,,,,,,,,,,,,,,,,,,,
"1,001847","5,20465",,,,,,,,,,,,,,,,,,,,,,,,,,,,,,,,,,,,,,,,,,,,,,,,,,,,,,,,,,,,,,,,,,,,,,,,,,,,,,,,,,,,,,,,,,,,,,,,,,,,,,,,,,,,,,,,,,,,,,,,,,,,,,,,,,,,,,,,,,,,,,,,,,,,,,,,,,,,,,,,,,,,,,,,,,,,,,,,,
"1,000715","3,7919833333",,,,,,,,,,,,,,,,,,,,,,,,,,,,,,,,,,,,,,,,,,,,,,,,,,,,,,,,,,,,,,,,,,,,,,,,,,,,,,,,,,,,,,,,,,,,,,,,,,,,,,,,,,,,,,,,,,,,,,,,,,,,,,,,,,,,,,,,,,,,,,,,,,,,,,,,,,,,,,,,,,,,,,,,,,,,,,,,,
"1,010022","6,1380944444",,,,,,,,,,,,,,,,,,,,,,,,,,,,,,,,,,,,,,,,,,,,,,,,,,,,,,,,,,,,,,,,,,,,,,,,,,,,,,,,,,,,,,,,,,,,,,,,,,,,,,,,,,,,,,,,,,,,,,,,,,,,,,,,,,,,,,,,,,,,,,,,,,,,,,,,,,,,,,,,,,,,,,,,,,,,,,,,,
1,"4,7858944444",,,,,,,,,,,,,,,,,,,,,,,,,,,,,,,,,,,,,,,,,,,,,,,,,,,,,,,,,,,,,,,,,,,,,,,,,,,,,,,,,,,,,,,,,,,,,,,,,,,,,,,,,,,,,,,,,,,,,,,,,,,,,,,,,,,,,,,,,,,,,,,,,,,,,,,,,,,,,,,,,,,,,,,,,,,,,,,,,
1,"6,3430944444",,,,,,,,,,,,,,,,,,,,,,,,,,,,,,,,,,,,,,,,,,,,,,,,,,,,,,,,,,,,,,,,,,,,,,,,,,,,,,,,,,,,,,,,,,,,,,,,,,,,,,,,,,,,,,,,,,,,,,,,,,,,,,,,,,,,,,,,,,,,,,,,,,,,,,,,,,,,,,,,,,,,,,,,,,,,,,,,,
"1,0293566667","8,2186166667",,,,,,,,,,,,,,,,,,,,,,,,,,,,,,,,,,,,,,,,,,,,,,,,,,,,,,,,,,,,,,,,,,,,,,,,,,,,,,,,,,,,,,,,,,,,,,,,,,,,,,,,,,,,,,,,,,,,,,,,,,,,,,,,,,,,,,,,,,,,,,,,,,,,,,,,,,,,,,,,,,,,,,,,,,,,,,,,,
"1,0130033333","5,5889",,,,,,,,,,,,,,,,,,,,,,,,,,,,,,,,,,,,,,,,,,,,,,,,,,,,,,,,,,,,,,,,,,,,,,,,,,,,,,,,,,,,,,,,,,,,,,,,,,,,,,,,,,,,,,,,,,,,,,,,,,,,,,,,,,,,,,,,,,,,,,,,,,,,,,,,,,,,,,,,,,,,,,,,,,,,,,,,,
"1,049638","5,5137888889",,,,,,,,,,,,,,,,,,,,,,,,,,,,,,,,,,,,,,,,,,,,,,,,,,,,,,,,,,,,,,,,,,,,,,,,,,,,,,,,,,,,,,,,,,,,,,,,,,,,,,,,,,,,,,,,,,,,,,,,,,,,,,,,,,,,,,,,,,,,,,,,,,,,,,,,,,,,,,,,,,,,,,,,,,,,,,,,,
"1,1948243333","16,08265",,,,,,,,,,,,,,,,,,,,,,,,,,,,,,,,,,,,,,,,,,,,,,,,,,,,,,,,,,,,,,,,,,,,,,,,,,,,,,,,,,,,,,,,,,,,,,,,,,,,,,,,,,,,,,,,,,,,,,,,,,,,,,,,,,,,,,,,,,,,,,,,,,,,,,,,,,,,,,,,,,,,,,,,,,,,,,,,,
"1,1201666667","19,5884166667",,,,,,,,,,,,,,,,,,,,,,,,,,,,,,,,,,,,,,,,,,,,,,,,,,,,,,,,,,,,,,,,,,,,,,,,,,,,,,,,,,,,,,,,,,,,,,,,,,,,,,,,,,,,,,,,,,,,,,,,,,,,,,,,,,,,,,,,,,,,,,,,,,,,,,,,,,,,,,,,,,,,,,,,,,,,,,,,,
"1,5238146667","4,0868",,,,,,,,,,,,,,,,,,,,,,,,,,,,,,,,,,,,,,,,,,,,,,,,,,,,,,,,,,,,,,,,,,,,,,,,,,,,,,,,,,,,,,,,,,,,,,,,,,,,,,,,,,,,,,,,,,,,,,,,,,,,,,,,,,,,,,,,,,,,,,,,,,,,,,,,,,,,,,,,,,,,,,,,,,,,,,,,,
"1,182994","3,0290277778",,,,,,,,,,,,,,,,,,,,,,,,,,,,,,,,,,,,,,,,,,,,,,,,,,,,,,,,,,,,,,,,,,,,,,,,,,,,,,,,,,,,,,,,,,,,,,,,,,,,,,,,,,,,,,,,,,,,,,,,,,,,,,,,,,,,,,,,,,,,,,,,,,,,,,,,,,,,,,,,,,,,,,,,,,,,,,,,,
"1,000387","7,0878555556",,,,,,,,,,,,,,,,,,,,,,,,,,,,,,,,,,,,,,,,,,,,,,,,,,,,,,,,,,,,,,,,,,,,,,,,,,,,,,,,,,,,,,,,,,,,,,,,,,,,,,,,,,,,,,,,,,,,,,,,,,,,,,,,,,,,,,,,,,,,,,,,,,,,,,,,,,,,,,,,,,,,,,,,,,,,,,,,,
"1,190918","4,5788055556",,,,,,,,,,,,,,,,,,,,,,,,,,,,,,,,,,,,,,,,,,,,,,,,,,,,,,,,,,,,,,,,,,,,,,,,,,,,,,,,,,,,,,,,,,,,,,,,,,,,,,,,,,,,,,,,,,,,,,,,,,,,,,,,,,,,,,,,,,,,,,,,,,,,,,,,,,,,,,,,,,,,,,,,,,,,,,,,,
1,"4,8184666667",,,,,,,,,,,,,,,,,,,,,,,,,,,,,,,,,,,,,,,,,,,,,,,,,,,,,,,,,,,,,,,,,,,,,,,,,,,,,,,,,,,,,,,,,,,,,,,,,,,,,,,,,,,,,,,,,,,,,,,,,,,,,,,,,,,,,,,,,,,,,,,,,,,,,,,,,,,,,,,,,,,,,,,,,,,,,,,,,
1,"3,26865",,,,,,,,,,,,,,,,,,,,,,,,,,,,,,,,,,,,,,,,,,,,,,,,,,,,,,,,,,,,,,,,,,,,,,,,,,,,,,,,,,,,,,,,,,,,,,,,,,,,,,,,,,,,,,,,,,,,,,,,,,,,,,,,,,,,,,,,,,,,,,,,,,,,,,,,,,,,,,,,,,,,,,,,,,,,,,,,,
1,"4,5604",,,,,,,,,,,,,,,,,,,,,,,,,,,,,,,,,,,,,,,,,,,,,,,,,,,,,,,,,,,,,,,,,,,,,,,,,,,,,,,,,,,,,,,,,,,,,,,,,,,,,,,,,,,,,,,,,,,,,,,,,,,,,,,,,,,,,,,,,,,,,,,,,,,,,,,,,,,,,,,,,,,,,,,,,,,,,,,,,
"1,000257","3,3076888889",,,,,,,,,,,,,,,,,,,,,,,,,,,,,,,,,,,,,,,,,,,,,,,,,,,,,,,,,,,,,,,,,,,,,,,,,,,,,,,,,,,,,,,,,,,,,,,,,,,,,,,,,,,,,,,,,,,,,,,,,,,,,,,,,,,,,,,,,,,,,,,,,,,,,,,,,,,,,,,,,,,,,,,,,,,,,,,,,
1,"4,6662111111",,,,,,,,,,,,,,,,,,,,,,,,,,,,,,,,,,,,,,,,,,,,,,,,,,,,,,,,,,,,,,,,,,,,,,,,,,,,,,,,,,,,,,,,,,,,,,,,,,,,,,,,,,,,,,,,,,,,,,,,,,,,,,,,,,,,,,,,,,,,,,,,,,,,,,,,,,,,,,,,,,,,,,,,,,,,,,,,,
"1,000215","8,0064388889",,,,,,,,,,,,,,,,,,,,,,,,,,,,,,,,,,,,,,,,,,,,,,,,,,,,,,,,,,,,,,,,,,,,,,,,,,,,,,,,,,,,,,,,,,,,,,,,,,,,,,,,,,,,,,,,,,,,,,,,,,,,,,,,,,,,,,,,,,,,,,,,,,,,,,,,,,,,,,,,,,,,,,,,,,,,,,,,,
"1,0180023333","8,2845611111",,,,,,,,,,,,,,,,,,,,,,,,,,,,,,,,,,,,,,,,,,,,,,,,,,,,,,,,,,,,,,,,,,,,,,,,,,,,,,,,,,,,,,,,,,,,,,,,,,,,,,,,,,,,,,,,,,,,,,,,,,,,,,,,,,,,,,,,,,,,,,,,,,,,,,,,,,,,,,,,,,,,,,,,,,,,,,,,,
"1,0377546667","10,0500055556",,,,,,,,,,,,,,,,,,,,,,,,,,,,,,,,,,,,,,,,,,,,,,,,,,,,,,,,,,,,,,,,,,,,,,,,,,,,,,,,,,,,,,,,,,,,,,,,,,,,,,,,,,,,,,,,,,,,,,,,,,,,,,,,,,,,,,,,,,,,,,,,,,,,,,,,,,,,,,,,,,,,,,,,,,,,,,,,,
"1,2419046667","13,7624388889",,,,,,,,,,,,,,,,,,,,,,,,,,,,,,,,,,,,,,,,,,,,,,,,,,,,,,,,,,,,,,,,,,,,,,,,,,,,,,,,,,,,,,,,,,,,,,,,,,,,,,,,,,,,,,,,,,,,,,,,,,,,,,,,,,,,,,,,,,,,,,,,,,,,,,,,,,,,,,,,,,,,,,,,,,,,,,,,,
"1,0001226667","6,3004944444",,,,,,,,,,,,,,,,,,,,,,,,,,,,,,,,,,,,,,,,,,,,,,,,,,,,,,,,,,,,,,,,,,,,,,,,,,,,,,,,,,,,,,,,,,,,,,,,,,,,,,,,,,,,,,,,,,,,,,,,,,,,,,,,,,,,,,,,,,,,,,,,,,,,,,,,,,,,,,,,,,,,,,,,,,,,,,,,,
"1,074173","6,8808722222",,,,,,,,,,,,,,,,,,,,,,,,,,,,,,,,,,,,,,,,,,,,,,,,,,,,,,,,,,,,,,,,,,,,,,,,,,,,,,,,,,,,,,,,,,,,,,,,,,,,,,,,,,,,,,,,,,,,,,,,,,,,,,,,,,,,,,,,,,,,,,,,,,,,,,,,,,,,,,,,,,,,,,,,,,,,,,,,,
"1,1704546667","10,1298611111",,,,,,,,,,,,,,,,,,,,,,,,,,,,,,,,,,,,,,,,,,,,,,,,,,,,,,,,,,,,,,,,,,,,,,,,,,,,,,,,,,,,,,,,,,,,,,,,,,,,,,,,,,,,,,,,,,,,,,,,,,,,,,,,,,,,,,,,,,,,,,,,,,,,,,,,,,,,,,,,,,,,,,,,,,,,,,,,,
"1,0823303333","9,5634055556",,,,,,,,,,,,,,,,,,,,,,,,,,,,,,,,,,,,,,,,,,,,,,,,,,,,,,,,,,,,,,,,,,,,,,,,,,,,,,,,,,,,,,,,,,,,,,,,,,,,,,,,,,,,,,,,,,,,,,,,,,,,,,,,,,,,,,,,,,,,,,,,,,,,,,,,,,,,,,,,,,,,,,,,,,,,,,,,,
"1,0738923333","6,6246111111",,,,,,,,,,,,,,,,,,,,,,,,,,,,,,,,,,,,,,,,,,,,,,,,,,,,,,,,,,,,,,,,,,,,,,,,,,,,,,,,,,,,,,,,,,,,,,,,,,,,,,,,,,,,,,,,,,,,,,,,,,,,,,,,,,,,,,,,,,,,,,,,,,,,,,,,,,,,,,,,,,,,,,,,,,,,,,,,,
"1,248789","4,9289",,,,,,,,,,,,,,,,,,,,,,,,,,,,,,,,,,,,,,,,,,,,,,,,,,,,,,,,,,,,,,,,,,,,,,,,,,,,,,,,,,,,,,,,,,,,,,,,,,,,,,,,,,,,,,,,,,,,,,,,,,,,,,,,,,,,,,,,,,,,,,,,,,,,,,,,,,,,,,,,,,,,,,,,,,,,,,,,,
"1,3737786667","6,65855",,,,,,,,,,,,,,,,,,,,,,,,,,,,,,,,,,,,,,,,,,,,,,,,,,,,,,,,,,,,,,,,,,,,,,,,,,,,,,,,,,,,,,,,,,,,,,,,,,,,,,,,,,,,,,,,,,,,,,,,,,,,,,,,,,,,,,,,,,,,,,,,,,,,,,,,,,,,,,,,,,,,,,,,,,,,,,,,,
"1,0757636667","4,5013333333",,,,,,,,,,,,,,,,,,,,,,,,,,,,,,,,,,,,,,,,,,,,,,,,,,,,,,,,,,,,,,,,,,,,,,,,,,,,,,,,,,,,,,,,,,,,,,,,,,,,,,,,,,,,,,,,,,,,,,,,,,,,,,,,,,,,,,,,,,,,,,,,,,,,,,,,,,,,,,,,,,,,,,,,,,,,,,,,,
"1,0315913333","4,8127277778",,,,,,,,,,,,,,,,,,,,,,,,,,,,,,,,,,,,,,,,,,,,,,,,,,,,,,,,,,,,,,,,,,,,,,,,,,,,,,,,,,,,,,,,,,,,,,,,,,,,,,,,,,,,,,,,,,,,,,,,,,,,,,,,,,,,,,,,,,,,,,,,,,,,,,,,,,,,,,,,,,,,,,,,,,,,,,,,,
"1,175935","6,6124666667",,,,,,,,,,,,,,,,,,,,,,,,,,,,,,,,,,,,,,,,,,,,,,,,,,,,,,,,,,,,,,,,,,,,,,,,,,,,,,,,,,,,,,,,,,,,,,,,,,,,,,,,,,,,,,,,,,,,,,,,,,,,,,,,,,,,,,,,,,,,,,,,,,,,,,,,,,,,,,,,,,,,,,,,,,,,,,,,,
"1,351915","7,6790611111",,,,,,,,,,,,,,,,,,,,,,,,,,,,,,,,,,,,,,,,,,,,,,,,,,,,,,,,,,,,,,,,,,,,,,,,,,,,,,,,,,,,,,,,,,,,,,,,,,,,,,,,,,,,,,,,,,,,,,,,,,,,,,,,,,,,,,,,,,,,,,,,,,,,,,,,,,,,,,,,,,,,,,,,,,,,,,,,,
"1,032972","7,2850888889",,,,,,,,,,,,,,,,,,,,,,,,,,,,,,,,,,,,,,,,,,,,,,,,,,,,,,,,,,,,,,,,,,,,,,,,,,,,,,,,,,,,,,,,,,,,,,,,,,,,,,,,,,,,,,,,,,,,,,,,,,,,,,,,,,,,,,,,,,,,,,,,,,,,,,,,,,,,,,,,,,,,,,,,,,,,,,,,,
"1,070675","9,8343555556",,,,,,,,,,,,,,,,,,,,,,,,,,,,,,,,,,,,,,,,,,,,,,,,,,,,,,,,,,,,,,,,,,,,,,,,,,,,,,,,,,,,,,,,,,,,,,,,,,,,,,,,,,,,,,,,,,,,,,,,,,,,,,,,,,,,,,,,,,,,,,,,,,,,,,,,,,,,,,,,,,,,,,,,,,,,,,,,,
"1,0027876667","11,8117388889",,,,,,,,,,,,,,,,,,,,,,,,,,,,,,,,,,,,,,,,,,,,,,,,,,,,,,,,,,,,,,,,,,,,,,,,,,,,,,,,,,,,,,,,,,,,,,,,,,,,,,,,,,,,,,,,,,,,,,,,,,,,,,,,,,,,,,,,,,,,,,,,,,,,,,,,,,,,,,,,,,,,,,,,,,,,,,,,,
"1,0466086667","7,5119444444",,,,,,,,,,,,,,,,,,,,,,,,,,,,,,,,,,,,,,,,,,,,,,,,,,,,,,,,,,,,,,,,,,,,,,,,,,,,,,,,,,,,,,,,,,,,,,,,,,,,,,,,,,,,,,,,,,,,,,,,,,,,,,,,,,,,,,,,,,,,,,,,,,,,,,,,,,,,,,,,,,,,,,,,,,,,,,,,,
"1,07837","4,5988888889",,,,,,,,,,,,,,,,,,,,,,,,,,,,,,,,,,,,,,,,,,,,,,,,,,,,,,,,,,,,,,,,,,,,,,,,,,,,,,,,,,,,,,,,,,,,,,,,,,,,,,,,,,,,,,,,,,,,,,,,,,,,,,,,,,,,,,,,,,,,,,,,,,,,,,,,,,,,,,,,,,,,,,,,,,,,,,,,,
"1,002323","5,8488333333",,,,,,,,,,,,,,,,,,,,,,,,,,,,,,,,,,,,,,,,,,,,,,,,,,,,,,,,,,,,,,,,,,,,,,,,,,,,,,,,,,,,,,,,,,,,,,,,,,,,,,,,,,,,,,,,,,,,,,,,,,,,,,,,,,,,,,,,,,,,,,,,,,,,,,,,,,,,,,,,,,,,,,,,,,,,,,,,,
