DSP_autocor_c,10069,9401,"1,071056",281439,3908,-scalarrepl, -loop-rotate, -indvars, -loop-reduce, -instcombine,9401,-scalarrepl, -loop-rotate, -indvars, -loop-reduce, -dse, -instcombine,6,,,,,,,,,,,,,,,,,,,,,,,,,,,,,,,,,,,,,,,,,,,,,,,,,,,,,,,,,,,,,,,,,,,,,,,,,,,,,,,,,,,,,,,,,,,,,,,,,,,,,,,,,,,,,,,,,,,,,,,,,,,,,,,,,,,,,,,,,,,,,,,,,,,,,,,,,,,,,,
DSP_autocor_c,10069,8849,"1,137869",527917,4033,-jump-threading, -loop-rotate, -reg2mem, -scalarrepl, -loop-reduce, -loop-rotate, -reg2mem, -scalarrepl, -loop-unswitch, -loop-reduce, -loop-rotate, -reg2mem, -scalarrepl, -loop-unswitch, -loop-unswitch, -loop-reduce, -loop-rotate, -reg2mem, -scalarrepl, -loop-reduce, -loop-rotate, -mergefunc, -indvars, -reg2mem, -scalarrepl, -loop-unswitch, -loop-unswitch, -early-cse, -loop-reduce, -loop-rotate, -reg2mem, -scalarrepl, -loop-unswitch, -loop-reduce, -loop-rotate, -reg2mem, -scalarrepl, -loop-unswitch, -loop-reduce, -loop-rotate, -loop-reduce, -jump-threading, -loop-unswitch,8863,-jump-threading, -mergefunc, -partial-inliner, -jump-threading, -loop-reduce, -basiccg, -prune-eh, -basiccg, -basicaa, -tailcallelim, -tbaa, -loop-rotate, -loops, -correlated-propagation, -mergefunc, -reg2mem, -constmerge, -scalarrepl, -loop-unswitch, -scalarrepl, -constmerge, -prune-eh, -loop-unswitch, -argpromotion, -loop-reduce, -loop-rotate, -loops, -correlated-propagation, -basicaa, -reg2mem, -constmerge, -scalarrepl, -loop-unswitch, -scalarrepl, -memcpyopt, -mergereturn, -ipsccp, -loop-deletion, -domtree, -loop-reduce, -basiccg, -basicaa, -tailcallelim, -tbaa, -loop-rotate, -loops, -correlated-propagation, -loop-simplify, -reg2mem, -constmerge, -scalarrepl, -loop-unswitch, -scalarrepl, -constmerge, -prune-eh, -loop-unswitch, -argpromotion, -loop-reduce, -loop-rotate, -loops, -correlated-propagation, -correlated-propagation, -loop-simplify, -reg2mem, -constmerge, -scalarrepl, -loop-unswitch, -scalarrepl, -constmerge, -prune-eh, -loop-unswitch, -argpromotion, -loop-reduce, -loop-rotate, -loops, -correlated-propagation, -mergefunc, -indvars, -memdep, -tailcallelim, -tbaa, -loops, -correlated-propagation, -mergefunc, -reg2mem, -scalarrepl, -loop-unswitch, -loop-unswitch, -early-cse, -mergereturn, -ipsccp, -loop-deletion, -prune-eh, -loop-unswitch, -argpromotion, -loop-reduce, -loop-rotate, -reg2mem, -constmerge, -scalarrepl, -loop-unswitch, -argpromotion, -loop-reduce, -loop-rotate, -reg2mem, -loop-unswitch, -scalarrepl, -constmerge, -prune-eh, -loop-unswitch, -loop-reduce, -loop-rotate, -reg2mem, -constmerge, -scalarrepl, -basicaa, -tailcallelim, -tbaa, -loop-rotate, -loops, -basicaa, -loop-simplify, -loop-reduce, -jump-threading, -loop-rotate, -loop-unswitch,126
DSP_autocor_c,10069,9381,"1,07334",311344,4002,-loop-rotate, -scalarrepl-ssa, -loop-unswitch, -instcombine, -simplifycfg, -loop-reduce, -loop-idiom, -loop-reduce, -loop-deletion,9381,-licm, -early-cse, -loop-rotate, -scalarrepl-ssa, -ipconstprop, -loop-unswitch, -loop-deletion, -instcombine, -simplifycfg, -loop-reduce, -always-inline, -no-aa, -indvars, -loop-idiom, -lowerinvoke, -sink, -loop-reduce, -die, -loop-deletion, -prune-eh, -inline, -constprop, -targetlibinfo,23,,,,,,,,,,,,,,,,,,,,,,,,,,,,,,,,,,,,,,,,,,,,,,,,,,,,,,,,,,,,,,,,,,,,,,,,,,,,,,,,,,,,,,,,,,,,,,,,,,,,,,,,,,,,,,,,,,,,,,,,,,,,,,,,,,,,,,,,,
DSP_blk_eswap16_c,3664,3655,"1,002462",276452,3969,-instcombine, -scalarrepl-ssa, -licm, -loop-rotate, -loop-reduce, -instcombine, -indvars,3655,-instcombine, -scalarrepl-ssa, -licm, -inline, -licm, -loop-rotate, -scalarrepl-ssa, -loop-reduce, -basiccg, -mergereturn, -instcombine, -indvars, -intervals, -deadargelim,14,,,,,,,,,,,,,,,,,,,,,,,,,,,,,,,,,,,,,,,,,,,,,,,,,,,,,,,,,,,,,,,,,,,,,,,,,,,,,,,,,,,,,,,,,,,,,,,,,,,,,,,,,,,,,,,,,,,,,,,,,,,,,,,,,,,,,,,,,,,,,,,,,,,,
DSP_blk_eswap16_c,3664,3664,1,181841,2864,-loop-rotate, -scalarrepl-ssa, -indvars,3664,-loop-rotate, -scalarrepl-ssa, -indvars,3,,,,,,,,,,,,,,,,,,,,,,,,,,,,,,,,,,,,,,,,,,,,,,,,,,,,,,,,,,,,,,,,,,,,,,,,,,,,,,,,,,,,,,,,,,,,,,,,,,,,,,,,,,,,,,,,,,,,,,,,,,,,,,,,,,,,,,,,,,,,,,,,,,,,,,,,,,,,,,,,,,,
DSP_blk_eswap16_c,3664,3664,1,187677,2859,-scalarrepl-ssa, -loop-rotate, -indvars,3664,-scalarrepl-ssa, -loop-rotate, -indvars,3,,,,,,,,,,,,,,,,,,,,,,,,,,,,,,,,,,,,,,,,,,,,,,,,,,,,,,,,,,,,,,,,,,,,,,,,,,,,,,,,,,,,,,,,,,,,,,,,,,,,,,,,,,,,,,,,,,,,,,,,,,,,,,,,,,,,,,,,,,,,,,,,,,,,,,,,,,,,,,,,,,,
DSP_blk_eswap32_c,3078,3076,"1,00065",145070,1993,-scalarrepl, -loop-rotate,3076,-scalarrepl, -loop-rotate,2,,,,,,,,,,,,,,,,,,,,,,,,,,,,,,,,,,,,,,,,,,,,,,,,,,,,,,,,,,,,,,,,,,,,,,,,,,,,,,,,,,,,,,,,,,,,,,,,,,,,,,,,,,,,,,,,,,,,,,,,,,,,,,,,,,,,,,,,,,,,,,,,,,,,,,,,,,,,,,,,,,,,,
DSP_blk_eswap32_c,3078,3076,"1,00065",139416,2261,-scalarrepl-ssa, -loop-rotate,3076,-scalarrepl-ssa, -loop-rotate,2,,,,,,,,,,,,,,,,,,,,,,,,,,,,,,,,,,,,,,,,,,,,,,,,,,,,,,,,,,,,,,,,,,,,,,,,,,,,,,,,,,,,,,,,,,,,,,,,,,,,,,,,,,,,,,,,,,,,,,,,,,,,,,,,,,,,,,,,,,,,,,,,,,,,,,,,,,,,,,,,,,,,,
DSP_blk_eswap32_c,3078,3076,"1,00065",133693,2055,-loop-rotate, -scalarrepl-ssa,3076,-loop-rotate, -scalarrepl-ssa,2,,,,,,,,,,,,,,,,,,,,,,,,,,,,,,,,,,,,,,,,,,,,,,,,,,,,,,,,,,,,,,,,,,,,,,,,,,,,,,,,,,,,,,,,,,,,,,,,,,,,,,,,,,,,,,,,,,,,,,,,,,,,,,,,,,,,,,,,,,,,,,,,,,,,,,,,,,,,,,,,,,,,,
DSP_blk_eswap64_c,2800,2798,"1,000715",142791,2210,-loop-rotate, -scalarrepl-ssa,2798,-loop-rotate, -scalarrepl-ssa,2,,,,,,,,,,,,,,,,,,,,,,,,,,,,,,,,,,,,,,,,,,,,,,,,,,,,,,,,,,,,,,,,,,,,,,,,,,,,,,,,,,,,,,,,,,,,,,,,,,,,,,,,,,,,,,,,,,,,,,,,,,,,,,,,,,,,,,,,,,,,,,,,,,,,,,,,,,,,,,,,,,,,,
DSP_blk_eswap64_c,2800,2798,"1,000715",127338,1984,-loop-rotate, -scalarrepl,2798,-loop-rotate, -scalarrepl,2,,,,,,,,,,,,,,,,,,,,,,,,,,,,,,,,,,,,,,,,,,,,,,,,,,,,,,,,,,,,,,,,,,,,,,,,,,,,,,,,,,,,,,,,,,,,,,,,,,,,,,,,,,,,,,,,,,,,,,,,,,,,,,,,,,,,,,,,,,,,,,,,,,,,,,,,,,,,,,,,,,,,,
DSP_blk_eswap64_c,2800,2798,"1,000715",138807,2058,-loop-rotate, -scalarrepl-ssa,2798,-loop-rotate, -scalarrepl-ssa,2,,,,,,,,,,,,,,,,,,,,,,,,,,,,,,,,,,,,,,,,,,,,,,,,,,,,,,,,,,,,,,,,,,,,,,,,,,,,,,,,,,,,,,,,,,,,,,,,,,,,,,,,,,,,,,,,,,,,,,,,,,,,,,,,,,,,,,,,,,,,,,,,,,,,,,,,,,,,,,,,,,,,,
DSP_blk_move_c,907,898,"1,010022",301984,3606,-instcombine, -loop-rotate, -scalarrepl, -indvars,898,-instcombine, -loop-rotate, -scalarrepl, -indvars,4,,,,,,,,,,,,,,,,,,,,,,,,,,,,,,,,,,,,,,,,,,,,,,,,,,,,,,,,,,,,,,,,,,,,,,,,,,,,,,,,,,,,,,,,,,,,,,,,,,,,,,,,,,,,,,,,,,,,,,,,,,,,,,,,,,,,,,,,,,,,,,,,,,,,,,,,,,,,,,,,,
DSP_blk_move_c,907,898,"1,010022",268075,3709,-instcombine, -scalarrepl, -loop-rotate, -indvars,898,-instcombine, -scalarrepl, -loop-rotate, -indvars, -domtree,5,,,,,,,,,,,,,,,,,,,,,,,,,,,,,,,,,,,,,,,,,,,,,,,,,,,,,,,,,,,,,,,,,,,,,,,,,,,,,,,,,,,,,,,,,,,,,,,,,,,,,,,,,,,,,,,,,,,,,,,,,,,,,,,,,,,,,,,,,,,,,,,,,,,,,,,,,,,,,,,,
DSP_blk_move_c,907,898,"1,010022",225931,3151,-instcombine, -loop-rotate, -scalarrepl-ssa, -indvars,898,-instcombine, -loop-rotate, -scalarrepl-ssa, -indvars,4,,,,,,,,,,,,,,,,,,,,,,,,,,,,,,,,,,,,,,,,,,,,,,,,,,,,,,,,,,,,,,,,,,,,,,,,,,,,,,,,,,,,,,,,,,,,,,,,,,,,,,,,,,,,,,,,,,,,,,,,,,,,,,,,,,,,,,,,,,,,,,,,,,,,,,,,,,,,,,,,,
DSP_dotprod_c,827,830,"0,996386",132294,2248,-loop-rotate, -scalarrepl,830,-loop-rotate, -scalarrepl,2,,,,,,,,,,,,,,,,,,,,,,,,,,,,,,,,,,,,,,,,,,,,,,,,,,,,,,,,,,,,,,,,,,,,,,,,,,,,,,,,,,,,,,,,,,,,,,,,,,,,,,,,,,,,,,,,,,,,,,,,,,,,,,,,,,,,,,,,,,,,,,,,,,,,,,,,,,,,,,,,,,,,,
DSP_dotprod_c,827,827,1,173876,2596,-scalarrepl, -loop-rotate, -indvars,827,-scalarrepl, -loop-rotate, -indvars,3,,,,,,,,,,,,,,,,,,,,,,,,,,,,,,,,,,,,,,,,,,,,,,,,,,,,,,,,,,,,,,,,,,,,,,,,,,,,,,,,,,,,,,,,,,,,,,,,,,,,,,,,,,,,,,,,,,,,,,,,,,,,,,,,,,,,,,,,,,,,,,,,,,,,,,,,,,,,,,,,,,,
DSP_dotprod_c,827,827,1,206983,2995,-scalarrepl, -loop-rotate, -indvars,827,-scalarrepl, -loop-rotate, -indvars,3,,,,,,,,,,,,,,,,,,,,,,,,,,,,,,,,,,,,,,,,,,,,,,,,,,,,,,,,,,,,,,,,,,,,,,,,,,,,,,,,,,,,,,,,,,,,,,,,,,,,,,,,,,,,,,,,,,,,,,,,,,,,,,,,,,,,,,,,,,,,,,,,,,,,,,,,,,,,,,,,,,,
DSP_dotp_sqr_c,2906,2906,1,171286,2649,-loop-rotate, -scalarrepl, -gvn, -indvars,2906,-loop-rotate, -scalarrepl, -gvn, -indvars,4,,,,,,,,,,,,,,,,,,,,,,,,,,,,,,,,,,,,,,,,,,,,,,,,,,,,,,,,,,,,,,,,,,,,,,,,,,,,,,,,,,,,,,,,,,,,,,,,,,,,,,,,,,,,,,,,,,,,,,,,,,,,,,,,,,,,,,,,,,,,,,,,,,,,,,,,,,,,,,,,,
DSP_dotp_sqr_c,2906,2906,1,211654,3179,-scalarrepl, -loop-rotate, -gvn, -indvars,2906,-scalarrepl, -loop-rotate, -gvn, -indvars,4,,,,,,,,,,,,,,,,,,,,,,,,,,,,,,,,,,,,,,,,,,,,,,,,,,,,,,,,,,,,,,,,,,,,,,,,,,,,,,,,,,,,,,,,,,,,,,,,,,,,,,,,,,,,,,,,,,,,,,,,,,,,,,,,,,,,,,,,,,,,,,,,,,,,,,,,,,,,,,,,,
DSP_dotp_sqr_c,2906,2906,1,253661,3572,-scalarrepl, -loop-rotate, -indvars, -gvn,2906,-scalarrepl, -loop-rotate, -indvars, -gvn,4,,,,,,,,,,,,,,,,,,,,,,,,,,,,,,,,,,,,,,,,,,,,,,,,,,,,,,,,,,,,,,,,,,,,,,,,,,,,,,,,,,,,,,,,,,,,,,,,,,,,,,,,,,,,,,,,,,,,,,,,,,,,,,,,,,,,,,,,,,,,,,,,,,,,,,,,,,,,,,,,,
DSP_fir_cplx_c,8509,8277,"1,028029",290934,3937,-scalarrepl-ssa, -licm, -gvn, -loop-unswitch, -loop-rotate, -simplifycfg,8277,-mergereturn, -mergereturn, -scalarrepl-ssa, -licm, -gvn, -loop-unswitch, -loop-rotate, -scalarrepl, -loops, -simplifycfg,10,,,,,,,,,,,,,,,,,,,,,,,,,,,,,,,,,,,,,,,,,,,,,,,,,,,,,,,,,,,,,,,,,,,,,,,,,,,,,,,,,,,,,,,,,,,,,,,,,,,,,,,,,,,,,,,,,,,,,,,,,,,,,,,,,,,,,,,,,,,,,,,,,,,,,,,,,
DSP_fir_cplx_c,8509,8263,"1,029771",290895,3964,-scalarrepl, -gvn, -loop-rotate, -loop-unswitch, -reassociate,8265,-correlated-propagation, -loop-idiom, -scalarrepl, -gvn, -sancov, -loop-idiom, -loop-unswitch, -loop-rotate, -scalarrepl, -loop-rotate, -loop-unswitch, -simplifycfg, -dse, -no-aa, -mergereturn, -reassociate,16,,,,,,,,,,,,,,,,,,,,,,,,,,,,,,,,,,,,,,,,,,,,,,,,,,,,,,,,,,,,,,,,,,,,,,,,,,,,,,,,,,,,,,,,,,,,,,,,,,,,,,,,,,,,,,,,,,,,,,,,,,,,,,,,,,,,,,,,,,,,,,,,,,,,
DSP_fir_cplx_c,8509,8258,"1,030395",284236,3702,-gvn, -loop-rotate, -reassociate, -loop-unswitch, -basicaa, -codegenprepare, -scalarrepl,8258,-gvn, -loop-rotate, -reassociate, -loop-unswitch, -basicaa, -codegenprepare, -scalarrepl,7,,,,,,,,,,,,,,,,,,,,,,,,,,,,,,,,,,,,,,,,,,,,,,,,,,,,,,,,,,,,,,,,,,,,,,,,,,,,,,,,,,,,,,,,,,,,,,,,,,,,,,,,,,,,,,,,,,,,,,,,,,,,,,,,,,,,,,,,,,,,,,,,,,,,,,,,,,,
DSP_firlms2_c,831,821,"1,01218",149217,1992,-loop-rotate, -scalarrepl-ssa,821,-loop-rotate, -scalarrepl-ssa,2,,,,,,,,,,,,,,,,,,,,,,,,,,,,,,,,,,,,,,,,,,,,,,,,,,,,,,,,,,,,,,,,,,,,,,,,,,,,,,,,,,,,,,,,,,,,,,,,,,,,,,,,,,,,,,,,,,,,,,,,,,,,,,,,,,,,,,,,,,,,,,,,,,,,,,,,,,,,,,,,,,,,,
DSP_firlms2_c,831,821,"1,01218",181585,2397,-loop-rotate, -scalarrepl-ssa,821,-loop-rotate, -scalarrepl-ssa,2,,,,,,,,,,,,,,,,,,,,,,,,,,,,,,,,,,,,,,,,,,,,,,,,,,,,,,,,,,,,,,,,,,,,,,,,,,,,,,,,,,,,,,,,,,,,,,,,,,,,,,,,,,,,,,,,,,,,,,,,,,,,,,,,,,,,,,,,,,,,,,,,,,,,,,,,,,,,,,,,,,,,,
DSP_firlms2_c,831,820,"1,013415",193299,2482,-scalarrepl, -loop-reduce, -loop-rotate,820,-scalarrepl, -loop-reduce, -loop-rotate,3,,,,,,,,,,,,,,,,,,,,,,,,,,,,,,,,,,,,,,,,,,,,,,,,,,,,,,,,,,,,,,,,,,,,,,,,,,,,,,,,,,,,,,,,,,,,,,,,,,,,,,,,,,,,,,,,,,,,,,,,,,,,,,,,,,,,,,,,,,,,,,,,,,,,,,,,,,,,,,,,,,,
DSP_fltoq15_c,1015,967,"1,049638",166690,2470,-jump-threading, -loop-rotate, -scalarrepl-ssa,967,-jump-threading, -loop-rotate, -scalarrepl-ssa,3,,,,,,,,,,,,,,,,,,,,,,,,,,,,,,,,,,,,,,,,,,,,,,,,,,,,,,,,,,,,,,,,,,,,,,,,,,,,,,,,,,,,,,,,,,,,,,,,,,,,,,,,,,,,,,,,,,,,,,,,,,,,,,,,,,,,,,,,,,,,,,,,,,,,,,,,,,,,,,,,,,,
DSP_fltoq15_c,1015,967,"1,049638",168051,2541,-jump-threading, -loop-rotate, -scalarrepl-ssa,967,-jump-threading, -loop-rotate, -scalarrepl-ssa,3,,,,,,,,,,,,,,,,,,,,,,,,,,,,,,,,,,,,,,,,,,,,,,,,,,,,,,,,,,,,,,,,,,,,,,,,,,,,,,,,,,,,,,,,,,,,,,,,,,,,,,,,,,,,,,,,,,,,,,,,,,,,,,,,,,,,,,,,,,,,,,,,,,,,,,,,,,,,,,,,,,,
DSP_fltoq15_c,1015,967,"1,049638",172367,2629,-scalarrepl, -jump-threading, -loop-rotate,967,-scalarrepl, -jump-threading, -loop-rotate,3,,,,,,,,,,,,,,,,,,,,,,,,,,,,,,,,,,,,,,,,,,,,,,,,,,,,,,,,,,,,,,,,,,,,,,,,,,,,,,,,,,,,,,,,,,,,,,,,,,,,,,,,,,,,,,,,,,,,,,,,,,,,,,,,,,,,,,,,,,,,,,,,,,,,,,,,,,,,,,,,,,,
DSP_mat_mul_c,53236,49716,"1,070802",351099,3559,-scalarrepl, -loop-reduce, -loop-rotate, -loop-unswitch, -lowerswitch, -licm, -loop-reduce, -loop-unswitch,49716,-scalarrepl, -licm, -loop-reduce, -loop-rotate, -loop-unswitch, -loop-reduce, -lowerswitch, -loop-rotate, -scalarrepl, -licm, -loop-reduce, -loop-rotate, -loop-unswitch,13,,,,,,,,,,,,,,,,,,,,,,,,,,,,,,,,,,,,,,,,,,,,,,,,,,,,,,,,,,,,,,,,,,,,,,,,,,,,,,,,,,,,,,,,,,,,,,,,,,,,,,,,,,,,,,,,,,,,,,,,,,,,,,,,,,,,,,,,,,,,,,,,,,,,
DSP_mat_mul_c,53236,49716,"1,070802",441608,4011,-scalarrepl, -loop-reduce, -loop-rotate, -loop-unswitch, -loop-unswitch, -licm, -loop-reduce, -simplifycfg,49716,-strip-dead-prototypes, -scalarrepl, -loop-reduce, -dse, -scalarrepl, -loop-rotate, -sink, -loop-unswitch, -prune-eh, -sink, -loop-unswitch, -prune-eh, -licm, -loop-reduce, -dse, -deadargelim, -lower-expect, -strip-dead-prototypes, -functionattrs, -simplifycfg, -domtree,21,,,,,,,,,,,,,,,,,,,,,,,,,,,,,,,,,,,,,,,,,,,,,,,,,,,,,,,,,,,,,,,,,,,,,,,,,,,,,,,,,,,,,,,,,,,,,,,,,,,,,,,,,,,,,,,,,,,,,,,,,,,,,,,,,,,,,,,,,,,,
DSP_mat_mul_c,53236,47470,"1,121466",514472,4029,-scalarrepl-ssa, -loop-rotate, -loop-reduce, -loop-unswitch, -globaldce, -loop-unswitch, -indvars, -loop-reduce, -jump-threading, -ipconstprop, -loop-instsimplify, -loop-extract, -instcombine, -loop-deletion, -loop-rotate, -loop-extract, -licm, -loop-unswitch,47471,-prune-eh, -deadargelim, -argpromotion, -lowerswitch, -correlated-propagation, -memdep, -targetlibinfo, -scalarrepl-ssa, -jump-threading, -gvn, -scalarrepl-ssa, -scalar-evolution, -loop-deletion, -loop-rotate, -ipconstprop, -loop-instsimplify, -early-cse, -mergereturn, -loop-rotate, -lcssa, -domtree, -indvars, -partial-inliner, -loop-reduce, -loop-idiom, -ipconstprop, -loop-instsimplify, -early-cse, -mergereturn, -lcssa, -loop-unswitch, -globaldce, -loop-unswitch, -domtree, -indvars, -partial-inliner, -loop-reduce, -loop-idiom, -ipconstprop, -partial-inliner, -loop-reduce, -loop-idiom, -scalarrepl-ssa, -ipconstprop, -loop-instsimplify, -early-cse, -mergereturn, -inline, -memcpyopt, -loop-deletion, -tailcallelim, -loop-unswitch, -globaldce, -loop-unswitch, -deadargelim, -sccp, -jump-threading, -globaldce, -loop-unswitch, -deadargelim, -sccp, -jump-threading, -ipconstprop, -loop-instsimplify, -no-aa, -memdep, -targetlibinfo, -loop-extract, -licm, -loop-simplify, -always-inline, -sccp, -no-aa, -memdep, -targetlibinfo, -loop-extract, -licm, -loop-simplify, -always-inline, -sccp, -instcombine, -loop-deletion, -licm, -jump-threading, -loop-instsimplify, -loop-rotate, -ipconstprop, -loop-extract, -memdep, -domtree, -licm, -loops, -tailcallelim, -loop-unswitch, -dse, -correlated-propagation, -domtree, -memcpyopt, -loop-reduce,99,,,,,,,,,,,,,,,,,,,,,,,,,,,,,,,,,,,,,,,,,,,,,,,,,,,,
DSP_mat_trans_c,14152,14028,"1,008839",332234,3697,-scalarrepl-ssa, -loop-rotate, -indvars, -loop-unswitch, -instcombine, -loop-deletion,14028,-scalarrepl-ssa, -loop-rotate, -indvars, -loop-unswitch, -instcombine, -loop-deletion,6,,,,,,,,,,,,,,,,,,,,,,,,,,,,,,,,,,,,,,,,,,,,,,,,,,,,,,,,,,,,,,,,,,,,,,,,,,,,,,,,,,,,,,,,,,,,,,,,,,,,,,,,,,,,,,,,,,,,,,,,,,,,,,,,,,,,,,,,,,,,,,,,,,,,,,,,,,,,,
DSP_mat_trans_c,14152,11782,"1,201154",442982,4035,-scalarrepl-ssa, -loop-reduce, -simplifycfg, -codegenprepare, -loop-rotate, -reg2mem, -loop-rotate, -reg2mem, -scalarrepl, -loop-reduce, -functionattrs, -loop-unswitch, -early-cse, -loop-rotate, -reg2mem, -scalarrepl, -loop-reduce, -sccp, -loop-unswitch, -early-cse, -loop-rotate, -reg2mem, -scalarrepl, -loop-reduce, -jump-threading, -loop-unswitch, -jump-threading, -loop-rotate, -reg2mem, -scalarrepl, -loop-unswitch,11784,-constmerge, -loop-idiom, -memdep, -scalarrepl-ssa, -loop-reduce, -globaldce, -jump-threading, -reassociate, -lowerinvoke, -simplifycfg, -codegenprepare, -early-cse, -loop-rotate, -licm, -instsimplify, -loop-deletion, -reg2mem, -functionattrs, -codegenprepare, -early-cse, -loop-rotate, -licm, -instsimplify, -loop-deletion, -reg2mem, -functionattrs, -scalarrepl, -loop-reduce, -globaldce, -jump-threading, -reassociate, -lowerinvoke, -constmerge, -domtree, -inline, -loop-idiom, -memdep, -licm, -simplifycfg, -functionattrs, -loop-reduce, -globaldce, -sccp, -reassociate, -lowerinvoke, -globalopt, -globaldce, -loop-unswitch, -constprop, -globaldce, -jump-threading, -reassociate, -functionattrs, -early-cse, -loop-rotate, -early-cse, -loop-rotate, -reg2mem, -functionattrs, -scalarrepl, -loop-reduce, -globaldce, -sccp, -reassociate, -lowerinvoke, -globalopt, -globaldce, -loop-unswitch, -constprop, -globaldce, -jump-threading, -reassociate, -lowerinvoke, -globalopt, -gvn, -jump-threading, -functionattrs, -early-cse, -loop-rotate, -early-cse, -loop-rotate, -licm, -instsimplify, -loop-deletion, -reg2mem, -functionattrs, -scalarrepl, -loop-reduce, -globaldce, -jump-threading, -reassociate, -lowerinvoke, -globalopt, -gvn, -jump-threading, -lowerinvoke, -globalopt, -globaldce, -loop-unswitch, -globaldce, -jump-threading, -licm, -scalarrepl, -lowerinvoke, -loop-rotate, -licm, -instsimplify, -loop-deletion, -domtree, -reg2mem, -lower-expect, -functionattrs, -jump-threading, -scalarrepl, -functionattrs, -partial-inliner, -lcssa, -loweratomic, -die, -loop-unswitch, -lowerswitch,121,,,,,,,,,,,,,,,,,
DSP_maxidx_c,1666,1097,"1,518687",152540,2558,-scalarrepl, -loop-rotate,1097,-scalarrepl, -loop-rotate,2,,,,,,,,,,,,,,,,,,,,,,,,,,,,,,,,,,,,,,,,,,,,,,,,,,,,,,,,,,,,,,,,,,,,,,,,,,,,,,,,,,,,,,,,,,,,,,,,,,,,,,,,,,,,,,,,,,,,,,,,,,,,,,,,,,,,,,,,,,,,,,,,,,,,,,,,,,,,,,,,,,,,,
DSP_maxidx_c,1666,1097,"1,518687",184447,3061,-scalarrepl, -loop-rotate,1097,-scalarrepl, -loop-rotate,2,,,,,,,,,,,,,,,,,,,,,,,,,,,,,,,,,,,,,,,,,,,,,,,,,,,,,,,,,,,,,,,,,,,,,,,,,,,,,,,,,,,,,,,,,,,,,,,,,,,,,,,,,,,,,,,,,,,,,,,,,,,,,,,,,,,,,,,,,,,,,,,,,,,,,,,,,,,,,,,,,,,,,
DSP_maxidx_c,1666,1097,"1,518687",171957,2690,-loop-rotate, -scalarrepl-ssa,1097,-loop-rotate, -scalarrepl-ssa,2,,,,,,,,,,,,,,,,,,,,,,,,,,,,,,,,,,,,,,,,,,,,,,,,,,,,,,,,,,,,,,,,,,,,,,,,,,,,,,,,,,,,,,,,,,,,,,,,,,,,,,,,,,,,,,,,,,,,,,,,,,,,,,,,,,,,,,,,,,,,,,,,,,,,,,,,,,,,,,,,,,,,,
DSP_maxval_c,1280,1082,"1,182994",131796,2162,-loop-rotate, -scalarrepl,1082,-loop-rotate, -scalarrepl, -branch-prob,2,,,,,,,,,,,,,,,,,,,,,,,,,,,,,,,,,,,,,,,,,,,,,,,,,,,,,,,,,,,,,,,,,,,,,,,,,,,,,,,,,,,,,,,,,,,,,,,,,,,,,,,,,,,,,,,,,,,,,,,,,,,,,,,,,,,,,,,,,,,,,,,,,,,,,,,,,,,,,,,,,,,,
DSP_maxval_c,1280,1082,"1,182994",133789,2136,-loop-rotate, -scalarrepl-ssa,1082,-loop-rotate, -scalarrepl-ssa,2,,,,,,,,,,,,,,,,,,,,,,,,,,,,,,,,,,,,,,,,,,,,,,,,,,,,,,,,,,,,,,,,,,,,,,,,,,,,,,,,,,,,,,,,,,,,,,,,,,,,,,,,,,,,,,,,,,,,,,,,,,,,,,,,,,,,,,,,,,,,,,,,,,,,,,,,,,,,,,,,,,,,,
DSP_maxval_c,1280,1082,"1,182994",112824,1889,-loop-rotate, -scalarrepl-ssa,1082,-loop-rotate, -scalarrepl-ssa,2,,,,,,,,,,,,,,,,,,,,,,,,,,,,,,,,,,,,,,,,,,,,,,,,,,,,,,,,,,,,,,,,,,,,,,,,,,,,,,,,,,,,,,,,,,,,,,,,,,,,,,,,,,,,,,,,,,,,,,,,,,,,,,,,,,,,,,,,,,,,,,,,,,,,,,,,,,,,,,,,,,,,,
DSP_minerror_c,25844,25834,"1,000387",312498,3514,-scalarrepl, -loop-reduce, -loop-rotate, -loop-unroll, -indvars,25834,-scalarrepl, -loop-reduce, -loop-rotate, -loop-unroll, -indvars, -loop-unswitch,6,,,,,,,,,,,,,,,,,,,,,,,,,,,,,,,,,,,,,,,,,,,,,,,,,,,,,,,,,,,,,,,,,,,,,,,,,,,,,,,,,,,,,,,,,,,,,,,,,,,,,,,,,,,,,,,,,,,,,,,,,,,,,,,,,,,,,,,,,,,,,,,,,,,,,,,,,,,,,,
DSP_minerror_c,25844,25834,"1,000387",315203,3564,-scalarrepl, -loop-rotate, -loop-reduce, -loop-unroll, -indvars,25834,-scalarrepl, -loop-rotate, -loop-reduce, -loop-unroll, -indvars, -inline,6,,,,,,,,,,,,,,,,,,,,,,,,,,,,,,,,,,,,,,,,,,,,,,,,,,,,,,,,,,,,,,,,,,,,,,,,,,,,,,,,,,,,,,,,,,,,,,,,,,,,,,,,,,,,,,,,,,,,,,,,,,,,,,,,,,,,,,,,,,,,,,,,,,,,,,,,,,,,,,
DSP_minerror_c,25844,25834,"1,000387",372701,3823,-scalarrepl, -indvars, -loop-reduce, -loop-rotate, -loop-unroll,25834,-scalarrepl, -indvars, -loop-reduce, -loop-rotate, -loop-unroll,5,,,,,,,,,,,,,,,,,,,,,,,,,,,,,,,,,,,,,,,,,,,,,,,,,,,,,,,,,,,,,,,,,,,,,,,,,,,,,,,,,,,,,,,,,,,,,,,,,,,,,,,,,,,,,,,,,,,,,,,,,,,,,,,,,,,,,,,,,,,,,,,,,,,,,,,,,,,,,,,
DSP_minval_c,1285,1079,"1,190918",167057,2659,-scalarrepl, -loop-rotate, -indvars,1079,-scalarrepl, -loop-rotate, -indvars,3,,,,,,,,,,,,,,,,,,,,,,,,,,,,,,,,,,,,,,,,,,,,,,,,,,,,,,,,,,,,,,,,,,,,,,,,,,,,,,,,,,,,,,,,,,,,,,,,,,,,,,,,,,,,,,,,,,,,,,,,,,,,,,,,,,,,,,,,,,,,,,,,,,,,,,,,,,,,,,,,,,,
DSP_minval_c,1285,1079,"1,190918",213393,3110,-loop-rotate, -scalarrepl, -indvars,1079,-loop-rotate, -scalarrepl, -indvars,3,,,,,,,,,,,,,,,,,,,,,,,,,,,,,,,,,,,,,,,,,,,,,,,,,,,,,,,,,,,,,,,,,,,,,,,,,,,,,,,,,,,,,,,,,,,,,,,,,,,,,,,,,,,,,,,,,,,,,,,,,,,,,,,,,,,,,,,,,,,,,,,,,,,,,,,,,,,,,,,,,,,
DSP_minval_c,1285,1079,"1,190918",167742,2618,-loop-rotate, -scalarrepl-ssa, -indvars,1079,-loop-rotate, -scalarrepl-ssa, -indvars,3,,,,,,,,,,,,,,,,,,,,,,,,,,,,,,,,,,,,,,,,,,,,,,,,,,,,,,,,,,,,,,,,,,,,,,,,,,,,,,,,,,,,,,,,,,,,,,,,,,,,,,,,,,,,,,,,,,,,,,,,,,,,,,,,,,,,,,,,,,,,,,,,,,,,,,,,,,,,,,,,,,,
DSP_mul32_c,10567,10567,1,235926,3275,-scalarrepl-ssa, -loop-rotate, -indvars,10567,-scalarrepl-ssa, -loop-rotate, -indvars,3,,,,,,,,,,,,,,,,,,,,,,,,,,,,,,,,,,,,,,,,,,,,,,,,,,,,,,,,,,,,,,,,,,,,,,,,,,,,,,,,,,,,,,,,,,,,,,,,,,,,,,,,,,,,,,,,,,,,,,,,,,,,,,,,,,,,,,,,,,,,,,,,,,,,,,,,,,,,,,,,,,,
DSP_mul32_c,10567,10567,1,196906,2653,-scalarrepl, -loop-rotate, -indvars,10567,-scalarrepl, -loop-rotate, -indvars,3,,,,,,,,,,,,,,,,,,,,,,,,,,,,,,,,,,,,,,,,,,,,,,,,,,,,,,,,,,,,,,,,,,,,,,,,,,,,,,,,,,,,,,,,,,,,,,,,,,,,,,,,,,,,,,,,,,,,,,,,,,,,,,,,,,,,,,,,,,,,,,,,,,,,,,,,,,,,,,,,,,,
DSP_mul32_c,10567,10567,1,244746,3190,-loop-rotate, -scalarrepl, -indvars,10567,-loop-rotate, -scalarrepl, -indvars,3,,,,,,,,,,,,,,,,,,,,,,,,,,,,,,,,,,,,,,,,,,,,,,,,,,,,,,,,,,,,,,,,,,,,,,,,,,,,,,,,,,,,,,,,,,,,,,,,,,,,,,,,,,,,,,,,,,,,,,,,,,,,,,,,,,,,,,,,,,,,,,,,,,,,,,,,,,,,,,,,,,,
DSP_neg32_c,17,17,1,149647,2146,-inline, -scalarrepl,17,-inline, -scalarrepl, -scalar-evolution,2,,,,,,,,,,,,,,,,,,,,,,,,,,,,,,,,,,,,,,,,,,,,,,,,,,,,,,,,,,,,,,,,,,,,,,,,,,,,,,,,,,,,,,,,,,,,,,,,,,,,,,,,,,,,,,,,,,,,,,,,,,,,,,,,,,,,,,,,,,,,,,,,,,,,,,,,,,,,,,,,,,,,
DSP_neg32_c,17,17,1,143079,2002,-scalarrepl, -inline,17,-scalarrepl, -inline,2,,,,,,,,,,,,,,,,,,,,,,,,,,,,,,,,,,,,,,,,,,,,,,,,,,,,,,,,,,,,,,,,,,,,,,,,,,,,,,,,,,,,,,,,,,,,,,,,,,,,,,,,,,,,,,,,,,,,,,,,,,,,,,,,,,,,,,,,,,,,,,,,,,,,,,,,,,,,,,,,,,,,,
DSP_neg32_c,17,17,1,152402,2161,-inline, -sroa,17,-inline, -sroa,2,,,,,,,,,,,,,,,,,,,,,,,,,,,,,,,,,,,,,,,,,,,,,,,,,,,,,,,,,,,,,,,,,,,,,,,,,,,,,,,,,,,,,,,,,,,,,,,,,,,,,,,,,,,,,,,,,,,,,,,,,,,,,,,,,,,,,,,,,,,,,,,,,,,,,,,,,,,,,,,,,,,,,
DSP_q15tofl_c,676,676,1,206933,3230,-loop-rotate, -scalarrepl-ssa, -indvars, -instcombine,676,-loop-rotate, -scalarrepl-ssa, -indvars, -instcombine,4,,,,,,,,,,,,,,,,,,,,,,,,,,,,,,,,,,,,,,,,,,,,,,,,,,,,,,,,,,,,,,,,,,,,,,,,,,,,,,,,,,,,,,,,,,,,,,,,,,,,,,,,,,,,,,,,,,,,,,,,,,,,,,,,,,,,,,,,,,,,,,,,,,,,,,,,,,,,,,,,,
DSP_q15tofl_c,676,676,1,241961,3496,-loop-rotate, -scalarrepl-ssa, -indvars, -instcombine,676,-loop-rotate, -scalarrepl-ssa, -indvars, -instcombine,4,,,,,,,,,,,,,,,,,,,,,,,,,,,,,,,,,,,,,,,,,,,,,,,,,,,,,,,,,,,,,,,,,,,,,,,,,,,,,,,,,,,,,,,,,,,,,,,,,,,,,,,,,,,,,,,,,,,,,,,,,,,,,,,,,,,,,,,,,,,,,,,,,,,,,,,,,,,,,,,,,
DSP_q15tofl_c,676,676,1,203630,2921,-loop-rotate, -scalarrepl-ssa, -instcombine, -indvars,676,-loop-rotate, -scalarrepl-ssa, -instcombine, -indvars,4,,,,,,,,,,,,,,,,,,,,,,,,,,,,,,,,,,,,,,,,,,,,,,,,,,,,,,,,,,,,,,,,,,,,,,,,,,,,,,,,,,,,,,,,,,,,,,,,,,,,,,,,,,,,,,,,,,,,,,,,,,,,,,,,,,,,,,,,,,,,,,,,,,,,,,,,,,,,,,,,,
DSP_vecsumsq_c,3888,3887,"1,000257",217087,2782,-loop-rotate, -scalarrepl-ssa,3887,-loop-rotate, -scalarrepl-ssa,2,,,,,,,,,,,,,,,,,,,,,,,,,,,,,,,,,,,,,,,,,,,,,,,,,,,,,,,,,,,,,,,,,,,,,,,,,,,,,,,,,,,,,,,,,,,,,,,,,,,,,,,,,,,,,,,,,,,,,,,,,,,,,,,,,,,,,,,,,,,,,,,,,,,,,,,,,,,,,,,,,,,,,
DSP_vecsumsq_c,3888,3887,"1,000257",175736,2524,-loop-rotate, -scalarrepl-ssa,3887,-loop-rotate, -scalarrepl-ssa,2,,,,,,,,,,,,,,,,,,,,,,,,,,,,,,,,,,,,,,,,,,,,,,,,,,,,,,,,,,,,,,,,,,,,,,,,,,,,,,,,,,,,,,,,,,,,,,,,,,,,,,,,,,,,,,,,,,,,,,,,,,,,,,,,,,,,,,,,,,,,,,,,,,,,,,,,,,,,,,,,,,,,,
DSP_vecsumsq_c,3888,3887,"1,000257",173255,2568,-sroa, -loop-rotate,3887,-sroa, -loop-rotate,2,,,,,,,,,,,,,,,,,,,,,,,,,,,,,,,,,,,,,,,,,,,,,,,,,,,,,,,,,,,,,,,,,,,,,,,,,,,,,,,,,,,,,,,,,,,,,,,,,,,,,,,,,,,,,,,,,,,,,,,,,,,,,,,,,,,,,,,,,,,,,,,,,,,,,,,,,,,,,,,,,,,,,
DSP_w_vec_c,6190,6190,1,10251411,2917,-loop-rotate, -scalarrepl-ssa, -indvars,6190,-loop-rotate, -scalarrepl-ssa, -indvars,3,,,,,,,,,,,,,,,,,,,,,,,,,,,,,,,,,,,,,,,,,,,,,,,,,,,,,,,,,,,,,,,,,,,,,,,,,,,,,,,,,,,,,,,,,,,,,,,,,,,,,,,,,,,,,,,,,,,,,,,,,,,,,,,,,,,,,,,,,,,,,,,,,,,,,,,,,,,,,,,,,,,
DSP_w_vec_c,6190,6190,1,195237,2702,-loop-rotate, -scalarrepl, -indvars,6190,-loop-rotate, -scalarrepl, -indvars,3,,,,,,,,,,,,,,,,,,,,,,,,,,,,,,,,,,,,,,,,,,,,,,,,,,,,,,,,,,,,,,,,,,,,,,,,,,,,,,,,,,,,,,,,,,,,,,,,,,,,,,,,,,,,,,,,,,,,,,,,,,,,,,,,,,,,,,,,,,,,,,,,,,,,,,,,,,,,,,,,,,,
DSP_w_vec_c,6190,6190,1,166731,2721,-loop-rotate, -scalarrepl, -indvars,6190,-loop-rotate, -scalarrepl, -indvars,3,,,,,,,,,,,,,,,,,,,,,,,,,,,,,,,,,,,,,,,,,,,,,,,,,,,,,,,,,,,,,,,,,,,,,,,,,,,,,,,,,,,,,,,,,,,,,,,,,,,,,,,,,,,,,,,,,,,,,,,,,,,,,,,,,,,,,,,,,,,,,,,,,,,,,,,,,,,,,,,,,,,
IMG_boundary_c,9320,9308,"1,001289",313457,3983,-loop-rotate, -licm, -gvn, -loop-unswitch, -mem2reg, -structurizecfg, -jump-threading, -basicaa,9308,-loop-rotate, -licm, -gvn, -loop-unswitch, -mem2reg, -structurizecfg, -basicaa, -licm, -jump-threading, -basicaa, -loop-unroll, -loop-simplify, -constprop,13,,,,,,,,,,,,,,,,,,,,,,,,,,,,,,,,,,,,,,,,,,,,,,,,,,,,,,,,,,,,,,,,,,,,,,,,,,,,,,,,,,,,,,,,,,,,,,,,,,,,,,,,,,,,,,,,,,,,,,,,,,,,,,,,,,,,,,,,,,,,,,,,,,,,
IMG_boundary_c,9320,9308,"1,001289",344286,3883,-loop-rotate, -scalarrepl-ssa, -loop-unswitch, -structurizecfg, -simplifycfg, -licm,9308,-loop-rotate, -scalarrepl-ssa, -inline, -loop-unswitch, -structurizecfg, -simplifycfg, -loops, -licm, -delinearize,9,,,,,,,,,,,,,,,,,,,,,,,,,,,,,,,,,,,,,,,,,,,,,,,,,,,,,,,,,,,,,,,,,,,,,,,,,,,,,,,,,,,,,,,,,,,,,,,,,,,,,,,,,,,,,,,,,,,,,,,,,,,,,,,,,,,,,,,,,,,,,,,,,,,,,,,,,,
IMG_boundary_c,9320,9318,"1,000215",287774,3767,-scalarrepl-ssa, -licm, -loop-rotate, -loop-unswitch, -ipsccp, -loop-deletion,9318,-scalarrepl-ssa, -licm, -loop-rotate, -loop-unswitch, -ipsccp, -loop-deletion,6,,,,,,,,,,,,,,,,,,,,,,,,,,,,,,,,,,,,,,,,,,,,,,,,,,,,,,,,,,,,,,,,,,,,,,,,,,,,,,,,,,,,,,,,,,,,,,,,,,,,,,,,,,,,,,,,,,,,,,,,,,,,,,,,,,,,,,,,,,,,,,,,,,,,,,,,,,,,,
IMG_conv_3x3_c,25269,24749,"1,021011",250029,3196,-gvn, -scalarrepl, -loop-rotate, -loop-unroll,24749,-gvn, -scalarrepl, -loop-rotate, -loop-unroll,4,,,,,,,,,,,,,,,,,,,,,,,,,,,,,,,,,,,,,,,,,,,,,,,,,,,,,,,,,,,,,,,,,,,,,,,,,,,,,,,,,,,,,,,,,,,,,,,,,,,,,,,,,,,,,,,,,,,,,,,,,,,,,,,,,,,,,,,,,,,,,,,,,,,,,,,,,,,,,,,,,
IMG_conv_3x3_c,25269,23984,"1,053577",281521,3483,-loop-rotate, -scalarrepl, -loop-reduce, -loop-unroll, -licm, -gvn,23984,-loop-rotate, -scalarrepl, -loop-reduce, -loop-unroll, -licm, -gvn,6,,,,,,,,,,,,,,,,,,,,,,,,,,,,,,,,,,,,,,,,,,,,,,,,,,,,,,,,,,,,,,,,,,,,,,,,,,,,,,,,,,,,,,,,,,,,,,,,,,,,,,,,,,,,,,,,,,,,,,,,,,,,,,,,,,,,,,,,,,,,,,,,,,,,,,,,,,,,,
IMG_conv_3x3_c,25269,24750,"1,02097",245304,3267,-scalarrepl-ssa, -jump-threading, -loop-rotate, -loop-unroll,24750,-scalarrepl-ssa, -jump-threading, -loop-rotate, -loop-unroll,4,,,,,,,,,,,,,,,,,,,,,,,,,,,,,,,,,,,,,,,,,,,,,,,,,,,,,,,,,,,,,,,,,,,,,,,,,,,,,,,,,,,,,,,,,,,,,,,,,,,,,,,,,,,,,,,,,,,,,,,,,,,,,,,,,,,,,,,,,,,,,,,,,,,,,,,,,,,,,,,,,
IMG_corr_gen_c,128110,73916,"1,733184",1422816,4030,-loop-rotate, -partial-inliner, -loop-reduce, -instcombine, -loop-rotate, -scalarrepl, -loop-unswitch, -simplifycfg, -loop-extract, -early-cse, -loop-unswitch, -partial-inliner, -instcombine, -loop-extract, -simplifycfg, -loop-extract, -loop-reduce, -loop-rotate, -gvn, -globaldce, -loop-unswitch, -loop-extract, -loop-rotate, -gvn, -inline,73916,-constmerge, -constmerge, -tailcallelim, -loop-rotate, -constmerge, -early-cse, -loop-deletion, -scalarrepl, -loop-unswitch, -simplifycfg, -partial-inliner, -loops, -loop-reduce, -instcombine, -dce, -loop-rotate, -loop-simplify, -scalarrepl, -loop-unswitch, -simplifycfg, -loop-extract, -partial-inliner, -loops, -loop-reduce, -loops, -lowerinvoke, -scalarrepl-ssa, -lazy-value-info, -scalar-evolution, -early-cse, -loop-unswitch, -simplifycfg, -partial-inliner, -loops, -loop-reduce, -instcombine, -lazy-value-info, -loop-simplify, -lowerswitch, -simplifycfg, -loop-extract, -partial-inliner, -loops, -loop-reduce, -loops, -lowerinvoke, -scalarrepl-ssa, -sink, -lowerswitch, -scalarrepl, -loop-unswitch, -simplifycfg, -loop-extract, -partial-inliner, -loops, -loop-reduce, -loops, -lowerinvoke, -scalarrepl-ssa, -sink, -dce, -loop-rotate, -partial-inliner, -gvn, -globaldce, -scalarrepl, -loop-unswitch, -targetlibinfo, -loop-extract, -partial-inliner, -loops, -dce, -loops, -lowerinvoke, -sink, -dce, -dce, -loop-rotate, -loop-rotate, -partial-inliner, -gvn, -inline,82,,,,,,,,,,,,,,,,,,,,,,,,,,,,,,,,,,,,,,,,,,,,,,,,,,,,,,,,,,,,,,
IMG_corr_gen_c,128110,119581,"1,071324",517943,3844,-loop-rotate, -scalarrepl-ssa, -loop-reduce, -loop-unswitch, -instcombine, -licm, -gvn,119581,-loop-rotate, -scalarrepl-ssa, -loop-reduce, -loop-unswitch, -instcombine, -licm, -gvn,7,,,,,,,,,,,,,,,,,,,,,,,,,,,,,,,,,,,,,,,,,,,,,,,,,,,,,,,,,,,,,,,,,,,,,,,,,,,,,,,,,,,,,,,,,,,,,,,,,,,,,,,,,,,,,,,,,,,,,,,,,,,,,,,,,,,,,,,,,,,,,,,,,,,,,,,,,,,
IMG_corr_gen_c,128110,119585,"1,071288",547502,3986,-loop-rotate, -scalarrepl, -loop-unswitch, -loop-reduce, -codegenprepare, -correlated-propagation, -gvn, -instcombine, -loop-deletion,119585,-instsimplify, -loop-rotate, -scalarrepl, -deadargelim, -loop-unswitch, -loop-reduce, -codegenprepare, -correlated-propagation, -gvn, -basicaa, -instcombine, -loop-deletion, -scalarrepl, -early-cse,14,,,,,,,,,,,,,,,,,,,,,,,,,,,,,,,,,,,,,,,,,,,,,,,,,,,,,,,,,,,,,,,,,,,,,,,,,,,,,,,,,,,,,,,,,,,,,,,,,,,,,,,,,,,,,,,,,,,,,,,,,,,,,,,,,,,,,,,,,,,,,,,,,,
IMG_dilate_bin_c,5436,5435,"1,000184",245360,3806,-loop-instsimplify, -loop-rotate, -gvn, -simplifycfg, -basicaa, -instcombine,5435,-loop-instsimplify, -loop-rotate, -gvn, -simplifycfg, -basicaa, -instcombine, -lowerswitch,7,,,,,,,,,,,,,,,,,,,,,,,,,,,,,,,,,,,,,,,,,,,,,,,,,,,,,,,,,,,,,,,,,,,,,,,,,,,,,,,,,,,,,,,,,,,,,,,,,,,,,,,,,,,,,,,,,,,,,,,,,,,,,,,,,,,,,,,,,,,,,,,,,,,,,,,,,,,,
IMG_dilate_bin_c,5436,5435,"1,000184",246368,3774,-instsimplify, -loop-rotate, -gvn, -simplifycfg, -basicaa, -instcombine,5435,-instsimplify, -loop-rotate, -gvn, -simplifycfg, -basicaa, -instcombine,6,,,,,,,,,,,,,,,,,,,,,,,,,,,,,,,,,,,,,,,,,,,,,,,,,,,,,,,,,,,,,,,,,,,,,,,,,,,,,,,,,,,,,,,,,,,,,,,,,,,,,,,,,,,,,,,,,,,,,,,,,,,,,,,,,,,,,,,,,,,,,,,,,,,,,,,,,,,,,
IMG_dilate_bin_c,5436,5436,1,201781,3208,-scalarrepl, -simplifycfg, -instcombine, -loop-rotate,5436,-scalarrepl, -simplifycfg, -instcombine, -loop-rotate,4,,,,,,,,,,,,,,,,,,,,,,,,,,,,,,,,,,,,,,,,,,,,,,,,,,,,,,,,,,,,,,,,,,,,,,,,,,,,,,,,,,,,,,,,,,,,,,,,,,,,,,,,,,,,,,,,,,,,,,,,,,,,,,,,,,,,,,,,,,,,,,,,,,,,,,,,,,,,,,,,,
IMG_erode_bin_c,4186,4186,1,238380,3146,-scalarrepl, -instsimplify, -loop-rotate, -simplifycfg,4186,-scalarrepl, -instsimplify, -loop-rotate, -simplifycfg,4,,,,,,,,,,,,,,,,,,,,,,,,,,,,,,,,,,,,,,,,,,,,,,,,,,,,,,,,,,,,,,,,,,,,,,,,,,,,,,,,,,,,,,,,,,,,,,,,,,,,,,,,,,,,,,,,,,,,,,,,,,,,,,,,,,,,,,,,,,,,,,,,,,,,,,,,,,,,,,,,,
IMG_erode_bin_c,4186,4186,1,211300,3401,-scalarrepl, -simplifycfg, -loop-rotate, -instcombine,4186,-scalarrepl, -simplifycfg, -loop-rotate, -instcombine,4,,,,,,,,,,,,,,,,,,,,,,,,,,,,,,,,,,,,,,,,,,,,,,,,,,,,,,,,,,,,,,,,,,,,,,,,,,,,,,,,,,,,,,,,,,,,,,,,,,,,,,,,,,,,,,,,,,,,,,,,,,,,,,,,,,,,,,,,,,,,,,,,,,,,,,,,,,,,,,,,,
IMG_erode_bin_c,4186,4186,1,171312,2828,-instsimplify, -scalarrepl, -loop-rotate, -simplifycfg,4186,-instsimplify, -scalarrepl, -loop-rotate, -simplifycfg,4,,,,,,,,,,,,,,,,,,,,,,,,,,,,,,,,,,,,,,,,,,,,,,,,,,,,,,,,,,,,,,,,,,,,,,,,,,,,,,,,,,,,,,,,,,,,,,,,,,,,,,,,,,,,,,,,,,,,,,,,,,,,,,,,,,,,,,,,,,,,,,,,,,,,,,,,,,,,,,,,,
IMG_fdct_8x8_c,20141,17134,"1,175499",299442,3561,-instcombine, -scalarrepl-ssa, -instcombine, -loop-rotate, -early-cse, -simplifycfg,17134,-instcombine, -scalarrepl-ssa, -instcombine, -loop-rotate, -early-cse, -simplifycfg,6,,,,,,,,,,,,,,,,,,,,,,,,,,,,,,,,,,,,,,,,,,,,,,,,,,,,,,,,,,,,,,,,,,,,,,,,,,,,,,,,,,,,,,,,,,,,,,,,,,,,,,,,,,,,,,,,,,,,,,,,,,,,,,,,,,,,,,,,,,,,,,,,,,,,,,,,,,,,,
IMG_fdct_8x8_c,20141,16677,"1,207711",422192,4036,-instcombine, -scalarrepl, -indvars, -instcombine, -loop-rotate, -early-cse, -loop-reduce, -dce, -loop-reduce, -indvars, -loop-reduce,16677,-partial-inliner, -simplifycfg, -memdep, -instcombine, -mergereturn, -scalarrepl, -indvars, -instcombine, -memdep, -instcombine, -mergereturn, -indvars, -basiccg, -memdep, -loop-rotate, -ipconstprop, -indvars, -early-cse, -die, -tbaa, -flattencfg, -sink, -inline, -loop-reduce, -dce, -loop-reduce, -memcpyopt, -loop-unswitch, -early-cse, -lcssa, -memcpyopt, -targetlibinfo, -scalarrepl, -indvars, -loop-reduce, -lower-expect, -jump-threading, -dce,38,,,,,,,,,,,,,,,,,,,,,,,,,,,,,,,,,,,,,,,,,,,,,,,,,,,,,,,,,,,,,,,,,,,,,,,,,,,,,,,,,,,,,,,,,,,,,,,,,,,,,,,,,,,,,,,,,,,,,,,,
IMG_fdct_8x8_c,20141,16680,"1,207494",393057,4018,-instcombine, -scalarrepl, -instcombine, -loop-reduce, -indvars, -loop-reduce, -ipsccp, -loop-rotate, -loop-extract, -instcombine, -inline, -jump-threading, -indvars, -sink, -loop-rotate,16680,-instcombine, -reassociate, -scalarrepl, -loops, -domtree, -constprop, -instcombine, -functionattrs, -basiccg, -targetlibinfo, -loop-reduce, -indvars, -lowerswitch, -instsimplify, -loop-idiom, -targetlibinfo, -loop-reduce, -indvars, -lowerswitch, -ipsccp, -loop-rotate, -loop-extract, -instcombine, -partial-inliner, -ipsccp, -inline, -indvars, -ipsccp, -jump-threading, -instsimplify, -indvars, -sink, -constprop, -loop-rotate, -constprop, -constmerge,36,,,,,,,,,,,,,,,,,,,,,,,,,,,,,,,,,,,,,,,,,,,,,,,,,,,,,,,,,,,,,,,,,,,,,,,,,,,,,,,,,,,,,,,,,,,,,,,,,,,,,,,,,,,,,,,,,,,,,,
IMG_idct_8x8_12q4_c,24268,21810,"1,112701",364839,3921,-early-cse, -scalarrepl-ssa, -indvars, -loop-rotate, -reg2mem, -scalarrepl-ssa, -instcombine, -loop-reduce,21810,-sink, -early-cse, -scalarrepl-ssa, -mergereturn, -indvars, -loop-rotate, -reg2mem, -scalarrepl-ssa, -loop-unroll, -instcombine, -loop-reduce, -mergereturn,12,,,,,,,,,,,,,,,,,,,,,,,,,,,,,,,,,,,,,,,,,,,,,,,,,,,,,,,,,,,,,,,,,,,,,,,,,,,,,,,,,,,,,,,,,,,,,,,,,,,,,,,,,,,,,,,,,,,,,,,,,,,,,,,,,,,,,,,,,,,,,,,,,,,,,
IMG_idct_8x8_12q4_c,24268,22545,"1,076425",336911,3658,-instcombine, -loop-rotate, -scalarrepl-ssa, -reassociate, -instcombine, -correlated-propagation,22545,-instcombine, -loop-rotate, -scalarrepl-ssa, -reassociate, -instcombine, -correlated-propagation,6,,,,,,,,,,,,,,,,,,,,,,,,,,,,,,,,,,,,,,,,,,,,,,,,,,,,,,,,,,,,,,,,,,,,,,,,,,,,,,,,,,,,,,,,,,,,,,,,,,,,,,,,,,,,,,,,,,,,,,,,,,,,,,,,,,,,,,,,,,,,,,,,,,,,,,,,,,,,,
IMG_idct_8x8_12q4_c,24268,22038,"1,101189",299625,3310,-early-cse, -loop-rotate, -scalarrepl-ssa, -indvars, -instcombine,22038,-early-cse, -loop-rotate, -scalarrepl-ssa, -indvars, -instcombine,5,,,,,,,,,,,,,,,,,,,,,,,,,,,,,,,,,,,,,,,,,,,,,,,,,,,,,,,,,,,,,,,,,,,,,,,,,,,,,,,,,,,,,,,,,,,,,,,,,,,,,,,,,,,,,,,,,,,,,,,,,,,,,,,,,,,,,,,,,,,,,,,,,,,,,,,,,,,,,,,
IMG_mad_8x8_c,10132,9855,"1,028108",301183,4006,-gvn, -loop-reduce, -basicaa, -reassociate, -instcombine, -loop-unswitch, -loop-rotate, -loop-unroll, -indvars,9855,-simplifycfg, -lcssa, -constmerge, -correlated-propagation, -mergereturn, -gvn, -loop-reduce, -reassociate, -basicaa, -no-aa, -simplifycfg, -mergefunc, -scalarrepl, -domtree, -sccp, -reassociate, -loop-unswitch, -instcombine, -scalarrepl, -argpromotion, -lcssa, -instsimplify, -memcpyopt, -loop-unroll, -mergefunc, -adce, -scalarrepl-ssa, -loop-unswitch, -loop-rotate, -strip-dead-prototypes, -scalarrepl, -globaldce, -scalarrepl, -globaldce, -loop-rotate, -lcssa, -instsimplify, -memcpyopt, -loop-unroll, -mergefunc, -adce, -scalarrepl-ssa, -loop-unswitch, -argpromotion, -indvars, -scalarrepl,46,,,,,,,,,,,,,,,,,,,,,,,,,,,,,,,,,,,,,,,,,,,,,,,,,,,,,,,,,,,,,,,,,,,,,,,,,,,,,,,,,,,,,,,,,,,,,,,,,,,,,,,,,,,,,,,,,,
IMG_mad_8x8_c,10132,9847,"1,028943",355870,4035,-gvn, -loop-rotate, -scalarrepl-ssa, -loop-reduce, -reassociate, -loop-unroll, -loop-reduce, -instcombine, -loop-unswitch, -indvars,9848,-domtree, -reassociate, -ipsccp, -loop-idiom, -gvn, -deadargelim, -loop-rotate, -codegenprepare, -deadargelim, -codegenprepare, -loop-rotate, -loop-reduce, -scalarrepl-ssa, -loop-simplify, -slsr, -instcombine, -lcssa, -loop-rotate, -licm, -loop-reduce, -gvn, -reassociate, -loop-deletion, -instcombine, -adce, -tbaa, -loop-unroll, -loop-reduce, -scalarrepl-ssa, -argpromotion, -lcssa, -instcombine, -lcssa, -jump-threading, -loop-unswitch, -codegenprepare, -ipsccp, -adce, -licm, -indvars, -constprop,41,,,,,,,,,,,,,,,,,,,,,,,,,,,,,,,,,,,,,,,,,,,,,,,,,,,,,,,,,,,,,,,,,,,,,,,,,,,,,,,,,,,,,,,,,,,,,,,,,,,,,,,,,,,,,,,,,,,,,,
IMG_mad_8x8_c,10132,9863,"1,027274",299290,3990,-gvn, -loop-reduce, -loop-rotate, -indvars, -loop-unroll, -reassociate, -instcombine, -basicaa,9863,-lowerswitch, -gvn, -gvn, -lowerswitch, -loop-reduce, -loop-rotate, -scalar-evolution, -indvars, -loop-unroll, -reassociate, -sccp, -instcombine, -scalar-evolution, -basicaa,14,,,,,,,,,,,,,,,,,,,,,,,,,,,,,,,,,,,,,,,,,,,,,,,,,,,,,,,,,,,,,,,,,,,,,,,,,,,,,,,,,,,,,,,,,,,,,,,,,,,,,,,,,,,,,,,,,,,,,,,,,,,,,,,,,,,,,,,,,,,,,,,,,,,
IMG_median_3x3_c,35291,30278,"1,165566",172146,2159,-loop-rotate, -scalarrepl,30278,-loop-rotate, -scalarrepl,2,,,,,,,,,,,,,,,,,,,,,,,,,,,,,,,,,,,,,,,,,,,,,,,,,,,,,,,,,,,,,,,,,,,,,,,,,,,,,,,,,,,,,,,,,,,,,,,,,,,,,,,,,,,,,,,,,,,,,,,,,,,,,,,,,,,,,,,,,,,,,,,,,,,,,,,,,,,,,,,,,,,,,
IMG_median_3x3_c,35291,30278,"1,165566",177610,2372,-loop-rotate, -scalarrepl,30278,-loop-rotate, -scalarrepl,2,,,,,,,,,,,,,,,,,,,,,,,,,,,,,,,,,,,,,,,,,,,,,,,,,,,,,,,,,,,,,,,,,,,,,,,,,,,,,,,,,,,,,,,,,,,,,,,,,,,,,,,,,,,,,,,,,,,,,,,,,,,,,,,,,,,,,,,,,,,,,,,,,,,,,,,,,,,,,,,,,,,,,
IMG_median_3x3_c,35291,30278,"1,165566",175843,2339,-loop-rotate, -scalarrepl,30278,-loop-rotate, -scalarrepl,2,,,,,,,,,,,,,,,,,,,,,,,,,,,,,,,,,,,,,,,,,,,,,,,,,,,,,,,,,,,,,,,,,,,,,,,,,,,,,,,,,,,,,,,,,,,,,,,,,,,,,,,,,,,,,,,,,,,,,,,,,,,,,,,,,,,,,,,,,,,,,,,,,,,,,,,,,,,,,,,,,,,,,
IMG_perimeter_c,40037,27144,"1,474985",298558,3654,-licm, -loop-rotate, -gvn, -licm, -basicaa,27144,-licm, -loop-rotate, -gvn, -licm, -basicaa,5,,,,,,,,,,,,,,,,,,,,,,,,,,,,,,,,,,,,,,,,,,,,,,,,,,,,,,,,,,,,,,,,,,,,,,,,,,,,,,,,,,,,,,,,,,,,,,,,,,,,,,,,,,,,,,,,,,,,,,,,,,,,,,,,,,,,,,,,,,,,,,,,,,,,,,,,,,,,,,,
IMG_perimeter_c,40037,26415,"1,515692",307672,3780,-early-cse, -loop-rotate, -basicaa, -licm, -gvn,26415,-early-cse, -loop-rotate, -basicaa, -licm, -gvn,5,,,,,,,,,,,,,,,,,,,,,,,,,,,,,,,,,,,,,,,,,,,,,,,,,,,,,,,,,,,,,,,,,,,,,,,,,,,,,,,,,,,,,,,,,,,,,,,,,,,,,,,,,,,,,,,,,,,,,,,,,,,,,,,,,,,,,,,,,,,,,,,,,,,,,,,,,,,,,,,
IMG_perimeter_c,40037,28288,"1,415335",334935,3267,-scalarrepl, -loop-reduce, -loop-rotate,28288,-scalarrepl, -loop-reduce, -loop-rotate,3,,,,,,,,,,,,,,,,,,,,,,,,,,,,,,,,,,,,,,,,,,,,,,,,,,,,,,,,,,,,,,,,,,,,,,,,,,,,,,,,,,,,,,,,,,,,,,,,,,,,,,,,,,,,,,,,,,,,,,,,,,,,,,,,,,,,,,,,,,,,,,,,,,,,,,,,,,,,,,,,,,,
IMG_pix_expand_c,12323,11306,"1,089952",163635,2291,-scalarrepl, -loop-rotate,11306,-scalarrepl, -loop-rotate,2,,,,,,,,,,,,,,,,,,,,,,,,,,,,,,,,,,,,,,,,,,,,,,,,,,,,,,,,,,,,,,,,,,,,,,,,,,,,,,,,,,,,,,,,,,,,,,,,,,,,,,,,,,,,,,,,,,,,,,,,,,,,,,,,,,,,,,,,,,,,,,,,,,,,,,,,,,,,,,,,,,,,,
IMG_pix_expand_c,12323,11306,"1,089952",144388,2045,-scalarrepl, -loop-rotate,11306,-scalarrepl, -loop-rotate,2,,,,,,,,,,,,,,,,,,,,,,,,,,,,,,,,,,,,,,,,,,,,,,,,,,,,,,,,,,,,,,,,,,,,,,,,,,,,,,,,,,,,,,,,,,,,,,,,,,,,,,,,,,,,,,,,,,,,,,,,,,,,,,,,,,,,,,,,,,,,,,,,,,,,,,,,,,,,,,,,,,,,,
IMG_pix_expand_c,12323,11306,"1,089952",162778,2264,-loop-rotate, -scalarrepl-ssa,11306,-loop-rotate, -scalarrepl-ssa,2,,,,,,,,,,,,,,,,,,,,,,,,,,,,,,,,,,,,,,,,,,,,,,,,,,,,,,,,,,,,,,,,,,,,,,,,,,,,,,,,,,,,,,,,,,,,,,,,,,,,,,,,,,,,,,,,,,,,,,,,,,,,,,,,,,,,,,,,,,,,,,,,,,,,,,,,,,,,,,,,,,,,,
IMG_pix_sat_c,22589,20547,"1,099382",162810,2186,-loop-rotate, -scalarrepl, -scev-aa, -mldst-motion,20547,-globaldce, -loop-rotate, -scalarrepl, -scev-aa, -mldst-motion,4,,,,,,,,,,,,,,,,,,,,,,,,,,,,,,,,,,,,,,,,,,,,,,,,,,,,,,,,,,,,,,,,,,,,,,,,,,,,,,,,,,,,,,,,,,,,,,,,,,,,,,,,,,,,,,,,,,,,,,,,,,,,,,,,,,,,,,,,,,,,,,,,,,,,,,,,,,,,,,,,
IMG_pix_sat_c,22589,21567,"1,047387",183903,2416,-scalarrepl-ssa, -loop-rotate,21567,-scalarrepl-ssa, -loop-rotate,2,,,,,,,,,,,,,,,,,,,,,,,,,,,,,,,,,,,,,,,,,,,,,,,,,,,,,,,,,,,,,,,,,,,,,,,,,,,,,,,,,,,,,,,,,,,,,,,,,,,,,,,,,,,,,,,,,,,,,,,,,,,,,,,,,,,,,,,,,,,,,,,,,,,,,,,,,,,,,,,,,,,,,
IMG_pix_sat_c,22589,21567,"1,047387",175573,2335,-scalarrepl-ssa, -loop-rotate,21567,-scalarrepl-ssa, -loop-rotate, -strip,2,,,,,,,,,,,,,,,,,,,,,,,,,,,,,,,,,,,,,,,,,,,,,,,,,,,,,,,,,,,,,,,,,,,,,,,,,,,,,,,,,,,,,,,,,,,,,,,,,,,,,,,,,,,,,,,,,,,,,,,,,,,,,,,,,,,,,,,,,,,,,,,,,,,,,,,,,,,,,,,,,,,,
IMG_quantize_c,2008,2008,1,243674,3863,-loop-rotate, -scalarrepl, -instcombine, -indvars, -gvn,2008,-loop-rotate, -scalarrepl, -instcombine, -indvars, -indvars, -gvn,6,,,,,,,,,,,,,,,,,,,,,,,,,,,,,,,,,,,,,,,,,,,,,,,,,,,,,,,,,,,,,,,,,,,,,,,,,,,,,,,,,,,,,,,,,,,,,,,,,,,,,,,,,,,,,,,,,,,,,,,,,,,,,,,,,,,,,,,,,,,,,,,,,,,,,,,,,,,,,,
IMG_quantize_c,2008,2008,1,234482,3842,-scalarrepl, -loop-rotate, -instcombine, -early-cse, -indvars,2008,-scalarrepl, -loop-rotate, -instcombine, -early-cse, -indvars, -inline-cost,6,,,,,,,,,,,,,,,,,,,,,,,,,,,,,,,,,,,,,,,,,,,,,,,,,,,,,,,,,,,,,,,,,,,,,,,,,,,,,,,,,,,,,,,,,,,,,,,,,,,,,,,,,,,,,,,,,,,,,,,,,,,,,,,,,,,,,,,,,,,,,,,,,,,,,,,,,,,,,,
IMG_quantize_c,2008,2008,1,206449,3510,-scalarrepl-ssa, -loop-rotate, -instcombine, -early-cse, -indvars,2008,-scalarrepl-ssa, -loop-rotate, -instcombine, -early-cse, -indvars,5,,,,,,,,,,,,,,,,,,,,,,,,,,,,,,,,,,,,,,,,,,,,,,,,,,,,,,,,,,,,,,,,,,,,,,,,,,,,,,,,,,,,,,,,,,,,,,,,,,,,,,,,,,,,,,,,,,,,,,,,,,,,,,,,,,,,,,,,,,,,,,,,,,,,,,,,,,,,,,,
IMG_sad_16x16_c,4643,3041,"1,5268",279047,4027,-scalarrepl, -loop-rotate, -loop-reduce, -reassociate, -loop-unroll, -instcombine, -indvars, -loop-reduce,3041,-sccp, -scalarrepl-ssa, -scalarrepl, -globalopt, -reassociate, -prune-eh, -loop-rotate, -lowerinvoke, -globalopt, -lowerinvoke, -instsimplify, -loop-reduce, -reassociate, -loop-unroll, -scalarrepl-ssa, -instcombine, -deadargelim, -dce, -mergefunc, -loops, -mergefunc, -indvars, -loop-reduce, -targetlibinfo, -memcpyopt,25,,,,,,,,,,,,,,,,,,,,,,,,,,,,,,,,,,,,,,,,,,,,,,,,,,,,,,,,,,,,,,,,,,,,,,,,,,,,,,,,,,,,,,,,,,,,,,,,,,,,,,,,,,,,,,,,,,,,,,,,,,,,,,,,,,,,,,,,
IMG_sad_16x16_c,4643,3041,"1,5268",275639,4001,-gvn, -reassociate, -basicaa, -loop-reduce, -scalarrepl, -loop-rotate, -indvars, -loop-unroll, -loop-reduce, -instcombine,3041,-codegenprepare, -gvn, -licm, -inline, -reassociate, -basicaa, -loop-reduce, -constprop, -scalarrepl, -constmerge, -correlated-propagation, -scalarrepl, -block-freq, -constmerge, -loop-rotate, -indvars, -memdep, -scalar-evolution, -ipsccp, -loop-unroll, -loop-reduce, -argpromotion, -instcombine, -instsimplify, -simplifycfg,25,,,,,,,,,,,,,,,,,,,,,,,,,,,,,,,,,,,,,,,,,,,,,,,,,,,,,,,,,,,,,,,,,,,,,,,,,,,,,,,,,,,,,,,,,,,,,,,,,,,,,,,,,,,,,,,,,,,,,,,,,,,,,,,,,,,,,,
IMG_sad_16x16_c,4643,3043,"1,525797",226685,3743,-gvn, -loop-rotate, -reassociate, -loop-reduce, -scalarrepl, -loop-unroll, -instcombine, -basicaa,3043,-gvn, -loop-rotate, -reassociate, -loop-reduce, -scalarrepl, -loop-unroll, -instcombine, -basicaa,8,,,,,,,,,,,,,,,,,,,,,,,,,,,,,,,,,,,,,,,,,,,,,,,,,,,,,,,,,,,,,,,,,,,,,,,,,,,,,,,,,,,,,,,,,,,,,,,,,,,,,,,,,,,,,,,,,,,,,,,,,,,,,,,,,,,,,,,,,,,,,,,,,,,,,,,,,
IMG_sad_8x8_c,878,877,"1,00114",228374,3825,-sroa, -loop-rotate, -reassociate, -loop-reduce, -instcombine, -loop-unroll, -codegenprepare,877,-sroa, -loop-rotate, -reassociate, -loop-reduce, -instcombine, -loop-unroll, -codegenprepare,7,,,,,,,,,,,,,,,,,,,,,,,,,,,,,,,,,,,,,,,,,,,,,,,,,,,,,,,,,,,,,,,,,,,,,,,,,,,,,,,,,,,,,,,,,,,,,,,,,,,,,,,,,,,,,,,,,,,,,,,,,,,,,,,,,,,,,,,,,,,,,,,,,,,,,,,,,,,
IMG_sad_8x8_c,878,878,1,246093,3951,-scalarrepl, -reassociate, -loop-rotate, -loop-unroll, -instcombine, -indvars,878,-scalarrepl, -constmerge, -reassociate, -loop-rotate, -loop-unroll, -instcombine, -indvars, -correlated-propagation,8,,,,,,,,,,,,,,,,,,,,,,,,,,,,,,,,,,,,,,,,,,,,,,,,,,,,,,,,,,,,,,,,,,,,,,,,,,,,,,,,,,,,,,,,,,,,,,,,,,,,,,,,,,,,,,,,,,,,,,,,,,,,,,,,,,,,,,,,,,,,,,,,,,,,,,,,,,,
IMG_sad_8x8_c,878,877,"1,00114",249233,3980,-scalarrepl-ssa, -loop-reduce, -instcombine, -reassociate, -loop-reduce, -codegenprepare, -basiccg, -loop-rotate, -loop-unroll,877,-codegenprepare, -scalarrepl-ssa, -inline, -loop-reduce, -functionattrs, -instcombine, -reassociate, -lint, -sccp, -loop-reduce, -instsimplify, -codegenprepare, -basiccg, -loop-rotate, -loop-unroll, -cfl-aa,16,,,,,,,,,,,,,,,,,,,,,,,,,,,,,,,,,,,,,,,,,,,,,,,,,,,,,,,,,,,,,,,,,,,,,,,,,,,,,,,,,,,,,,,,,,,,,,,,,,,,,,,,,,,,,,,,,,,,,,,,,,,,,,,,,,,,,,,,,,,,,,,,
IMG_sobel_c,14187,12516,"1,133509",315812,4031,-reassociate, -reassociate, -simplifycfg, -scalarrepl, -loop-reduce, -loop-rotate, -loop-reduce, -extract-blocks, -instcombine, -loop-reduce, -inline, -jump-threading, -scalarrepl-ssa, -extract-blocks, -instcombine, -inline,12516,-reassociate, -instsimplify, -scalarrepl, -loop-instsimplify, -reassociate, -instcombine, -lowerinvoke, -instsimplify, -memcpyopt, -scalarrepl, -loop-instsimplify, -reassociate, -memcpyopt, -simplifycfg, -globalopt, -loop-instsimplify, -scalarrepl, -loop-instsimplify, -jump-threading, -dce, -loops, -argpromotion, -lcssa, -loop-reduce, -gvn, -always-inline, -loop-rotate, -licm, -mergefunc, -loop-reduce, -divergence, -inline, -loop-instsimplify, -jump-threading, -tbaa, -extract-blocks, -loop-idiom, -indvars, -instcombine, -domtree, -loop-rotate, -licm, -loop-idiom, -constmerge, -loop-reduce, -divergence, -inline, -loop-instsimplify, -basiccg, -jump-threading, -scalarrepl-ssa, -loops, -memcpyopt, -tbaa, -extract-blocks, -loop-idiom, -indvars, -instcombine, -domtree, -scalarrepl, -memdep, -inline, -adce,63,,,,,,,,,,,,,,,,,,,,,,,,,,,,,,,,,,,,,,,,,,,,,,,,,,,,,,,,,,,,,,,,,,,,,,,,,,,,,,,,,,,,,,,,,,
IMG_sobel_c,14187,12791,"1,109139",299850,4007,-reassociate, -scalarrepl, -reassociate, -gvn, -loop-reduce, -instcombine, -loop-rotate, -gvn,12791,-reassociate, -scalarrepl, -reassociate, -gvn, -slsr, -loop-reduce, -globalopt, -instcombine, -loop-deletion, -loop-rotate, -constmerge, -gvn, -loops,13,,,,,,,,,,,,,,,,,,,,,,,,,,,,,,,,,,,,,,,,,,,,,,,,,,,,,,,,,,,,,,,,,,,,,,,,,,,,,,,,,,,,,,,,,,,,,,,,,,,,,,,,,,,,,,,,,,,,,,,,,,,,,,,,,,,,,,,,,,,,,,,,,,,,
IMG_sobel_c,14187,12910,"1,098916",273240,3831,-loop-rotate, -simplifycfg, -scalarrepl, -reassociate, -reassociate, -instcombine, -indvars,12910,-loop-rotate, -simplifycfg, -scalarrepl, -reassociate, -reassociate, -instcombine, -indvars,7,,,,,,,,,,,,,,,,,,,,,,,,,,,,,,,,,,,,,,,,,,,,,,,,,,,,,,,,,,,,,,,,,,,,,,,,,,,,,,,,,,,,,,,,,,,,,,,,,,,,,,,,,,,,,,,,,,,,,,,,,,,,,,,,,,,,,,,,,,,,,,,,,,,,,,,,,,,
IMG_wave_horz_c,99866,99471,"1,003971",489047,4027,-loop-rotate, -scalarrepl-ssa, -instcombine, -loop-unroll, -indvars,99471,-inline, -loop-rotate, -scalarrepl-ssa, -constprop, -lcssa, -instcombine, -lazy-value-info, -loop-unroll, -indvars, -lazy-value-info, -always-inline, -mergefunc, -globaldce,13,,,,,,,,,,,,,,,,,,,,,,,,,,,,,,,,,,,,,,,,,,,,,,,,,,,,,,,,,,,,,,,,,,,,,,,,,,,,,,,,,,,,,,,,,,,,,,,,,,,,,,,,,,,,,,,,,,,,,,,,,,,,,,,,,,,,,,,,,,,,,,,,,,,,,,,
IMG_wave_horz_c,99866,99580,"1,002872",488754,4010,-loop-rotate, -scalarrepl, -gvn, -instcombine, -indvars, -jump-threading, -loop-unroll, -gvn, -indvars,99580,-instcombine, -lcssa, -loop-rotate, -codegenprepare, -sccp, -scalarrepl, -inline, -early-cse, -gvn, -tbaa, -instcombine, -indvars, -jump-threading, -loop-unroll, -scalarrepl-ssa, -licm, -scalar-evolution, -gvn, -indvars, -memcpyopt, -loop-rotate, -sccp,22,,,,,,,,,,,,,,,,,,,,,,,,,,,,,,,,,,,,,,,,,,,,,,,,,,,,,,,,,,,,,,,,,,,,,,,,,,,,,,,,,,,,,,,,,,,,,,,,,,,,,,,,,,,,,,,,,,,,,,,,,,,,,,,,,,,,,,,,,,
IMG_wave_horz_c,99866,109649,"0,910779",492480,3939,-loop-rotate, -scalarrepl-ssa, -loop-unroll, -instcombine, -gvn, -argpromotion, -loop-extract, -simplifycfg,109649,-licm, -correlated-propagation, -loop-rotate, -scalarrepl-ssa, -loop-deletion, -loop-unroll, -instcombine, -correlated-propagation, -scalarrepl-ssa, -gvn, -argpromotion, -loop-extract, -instcombine, -scalarrepl-ssa, -simplifycfg, -gvn, -domtree, -loop-extract, -basicaa, -alloca-hoisting,20,,,,,,,,,,,,,,,,,,,,,,,,,,,,,,,,,,,,,,,,,,,,,,,,,,,,,,,,,,,,,,,,,,,,,,,,,,,,,,,,,,,,,,,,,,,,,,,,,,,,,,,,,,,,,,,,,,,,,,,,,,,,,,,,,,,,,,,,,,,,,
IMG_wave_vert_c,5185,5164,"1,004067",250456,3844,-scalarrepl, -loop-rotate, -gvn, -indvars, -loop-unroll, -simplifycfg, -gvn,5164,-scalarrepl, -loop-rotate, -gvn, -indvars, -loop-unroll, -simplifycfg, -gvn, -partial-inliner,8,,,,,,,,,,,,,,,,,,,,,,,,,,,,,,,,,,,,,,,,,,,,,,,,,,,,,,,,,,,,,,,,,,,,,,,,,,,,,,,,,,,,,,,,,,,,,,,,,,,,,,,,,,,,,,,,,,,,,,,,,,,,,,,,,,,,,,,,,,,,,,,,,,,,,,,,,,
IMG_wave_vert_c,5185,5164,"1,004067",275747,3971,-loop-rotate, -scalarrepl-ssa, -indvars, -loop-unroll, -gvn, -simplifycfg, -gvn,5164,-loop-rotate, -scalarrepl-ssa, -indvars, -loop-unroll, -gvn, -loop-idiom, -simplifycfg, -scalarrepl-ssa, -strip-dead-prototypes, -reassociate, -gvn, -basicaa, -loop-deletion, -codegenprepare,14,,,,,,,,,,,,,,,,,,,,,,,,,,,,,,,,,,,,,,,,,,,,,,,,,,,,,,,,,,,,,,,,,,,,,,,,,,,,,,,,,,,,,,,,,,,,,,,,,,,,,,,,,,,,,,,,,,,,,,,,,,,,,,,,,,,,,,,,,,,,,,,,,,,,
IMG_wave_vert_c,5185,5164,"1,004067",261689,3932,-scalarrepl, -loop-rotate, -early-cse, -jump-threading, -indvars, -loop-unroll, -early-cse,5164,-scalarrepl, -gvn, -loop-rotate, -early-cse, -jump-threading, -indvars, -lcssa, -loop-unroll, -early-cse,9,,,,,,,,,,,,,,,,,,,,,,,,,,,,,,,,,,,,,,,,,,,,,,,,,,,,,,,,,,,,,,,,,,,,,,,,,,,,,,,,,,,,,,,,,,,,,,,,,,,,,,,,,,,,,,,,,,,,,,,,,,,,,,,,,,,,,,,,,,,,,,,,,,,,,,,,,
IMG_ycbcr422p_rgb565_c,5010,4404,"1,137602",240564,3693,-loop-rotate, -scalarrepl-ssa, -loop-extract, -loop-rotate, -inline, -sink,4404,-loop-rotate, -scalarrepl-ssa, -loop-extract, -loop-rotate, -inline, -sink, -loops,7,,,,,,,,,,,,,,,,,,,,,,,,,,,,,,,,,,,,,,,,,,,,,,,,,,,,,,,,,,,,,,,,,,,,,,,,,,,,,,,,,,,,,,,,,,,,,,,,,,,,,,,,,,,,,,,,,,,,,,,,,,,,,,,,,,,,,,,,,,,,,,,,,,,,,,,,,,,,
IMG_ycbcr422p_rgb565_c,5010,4390,"1,14123",275044,4009,-licm, -gvn, -loop-reduce, -dse, -jump-threading, -indvars, -loop-rotate, -loop-reduce, -basicaa, -scalarrepl-ssa, -sink, -loop-unswitch,4390,-licm, -dse, -jump-threading, -gvn, -loop-reduce, -lazy-value-info, -loop-deletion, -licm, -dse, -domtree, -jump-threading, -indvars, -mergereturn, -memcpyopt, -loop-rotate, -loop-reduce, -loop-deletion, -ipconstprop, -loop-deletion, -basicaa, -deadargelim, -scalarrepl-ssa, -globaldce, -sink, -basiccg, -loop-unswitch, -deadargelim, -basiccg, -memcpyopt, -scalarrepl,30,,,,,,,,,,,,,,,,,,,,,,,,,,,,,,,,,,,,,,,,,,,,,,,,,,,,,,,,,,,,,,,,,,,,,,,,,,,,,,,,,,,,,,,,,,,,,,,,,,,,,,,,,,,,,,,,,,,,,,,,,,,,,,,
IMG_ycbcr422p_rgb565_c,5010,4483,"1,117555",159435,2710,-scalarrepl, -sink, -loop-rotate,4483,-scalarrepl, -sink, -loop-rotate,3,,,,,,,,,,,,,,,,,,,,,,,,,,,,,,,,,,,,,,,,,,,,,,,,,,,,,,,,,,,,,,,,,,,,,,,,,,,,,,,,,,,,,,,,,,,,,,,,,,,,,,,,,,,,,,,,,,,,,,,,,,,,,,,,,,,,,,,,,,,,,,,,,,,,,,,,,,,,,,,,,,,
IMG_yc_demux_be16_c,578,574,"1,006969",241247,3835,-loop-rotate, -licm, -loop-reduce, -basicaa, -early-cse, -indvars, -scalarrepl,574,-loop-rotate, -licm, -loop-reduce, -basicaa, -early-cse, -loop-rotate, -indvars, -scalarrepl, -loop-deletion,9,,,,,,,,,,,,,,,,,,,,,,,,,,,,,,,,,,,,,,,,,,,,,,,,,,,,,,,,,,,,,,,,,,,,,,,,,,,,,,,,,,,,,,,,,,,,,,,,,,,,,,,,,,,,,,,,,,,,,,,,,,,,,,,,,,,,,,,,,,,,,,,,,,,,,,,,,
IMG_yc_demux_be16_c,578,578,1,162361,2868,-scalarrepl-ssa, -loop-rotate, -indvars,578,-scalarrepl-ssa, -loop-rotate, -indvars,3,,,,,,,,,,,,,,,,,,,,,,,,,,,,,,,,,,,,,,,,,,,,,,,,,,,,,,,,,,,,,,,,,,,,,,,,,,,,,,,,,,,,,,,,,,,,,,,,,,,,,,,,,,,,,,,,,,,,,,,,,,,,,,,,,,,,,,,,,,,,,,,,,,,,,,,,,,,,,,,,,,,
IMG_yc_demux_be16_c,578,578,1,159856,2769,-scalarrepl, -loop-rotate, -indvars,578,-scalarrepl, -loop-rotate, -indvars,3,,,,,,,,,,,,,,,,,,,,,,,,,,,,,,,,,,,,,,,,,,,,,,,,,,,,,,,,,,,,,,,,,,,,,,,,,,,,,,,,,,,,,,,,,,,,,,,,,,,,,,,,,,,,,,,,,,,,,,,,,,,,,,,,,,,,,,,,,,,,,,,,,,,,,,,,,,,,,,,,,,,
IMG_yc_demux_le16_c,578,578,1,128151,2349,-scalarrepl-ssa, -loop-rotate, -indvars,578,-scalarrepl-ssa, -loop-rotate, -indvars,3,,,,,,,,,,,,,,,,,,,,,,,,,,,,,,,,,,,,,,,,,,,,,,,,,,,,,,,,,,,,,,,,,,,,,,,,,,,,,,,,,,,,,,,,,,,,,,,,,,,,,,,,,,,,,,,,,,,,,,,,,,,,,,,,,,,,,,,,,,,,,,,,,,,,,,,,,,,,,,,,,,,
IMG_yc_demux_le16_c,578,578,1,188049,3127,-scalarrepl-ssa, -loop-rotate, -indvars,578,-scalarrepl-ssa, -loop-rotate, -indvars, -iv-users,3,,,,,,,,,,,,,,,,,,,,,,,,,,,,,,,,,,,,,,,,,,,,,,,,,,,,,,,,,,,,,,,,,,,,,,,,,,,,,,,,,,,,,,,,,,,,,,,,,,,,,,,,,,,,,,,,,,,,,,,,,,,,,,,,,,,,,,,,,,,,,,,,,,,,,,,,,,,,,,,,,,
IMG_yc_demux_le16_c,578,578,1,133685,2377,-scalarrepl, -loop-rotate, -indvars,578,-scalarrepl, -loop-rotate, -indvars,3,,,,,,,,,,,,,,,,,,,,,,,,,,,,,,,,,,,,,,,,,,,,,,,,,,,,,,,,,,,,,,,,,,,,,,,,,,,,,,,,,,,,,,,,,,,,,,,,,,,,,,,,,,,,,,,,,,,,,,,,,,,,,,,,,,,,,,,,,,,,,,,,,,,,,,,,,,,,,,,,,,,
,,,,,,,,,,,,,,,,,,,,,,,,,,,,,,,,,,,,,,,,,,,,,,,,,,,,,,,,,,,,,,,,,,,,,,,,,,,,,,,,,,,,,,,,,,,,,,,,,,,,,,,,,,,,,,,,,,,,,,,,,,,,,,,,,,,,,,,,,,,,,,,,,,,,,,,,,,,,,,,,,,,,,,,,,,,,,,,,
,,,,,,,,,,,,,,,,,,,,,,,,,,,,,,,,,,,,,,,,,,,,,,,,,,,,,,,,,,,,,,,,,,,,,,,,,,,,,,,,,,,,,,,,,,,,,,,,,,,,,,,,,,,,,,,,,,,,,,,,,,,,,,,,,,,,,,,,,,,,,,,,,,,,,,,,,,,,,,,,,,,,,,,,,,,,,,,,
,,,,,,,,,,,,,,,,,,,,,,,,,,,,,,,,,,,,,,,,,,,,,,,,,,,,,,,,,,,,,,,,,,,,,,,,,,,,,,,,,,,,,,,,,,,,,,,,,,,,,,,,,,,,,,,,,,,,,,,,,,,,,,,,,,,,,,,,,,,,,,,,,,,,,,,,,,,,,,,,,,,,,,,,,,,,,,,,
,,,,,,,,,,,,,,,,,,,,,,,,,,,,,,,,,,,,,,,,,,,,,,,,,,,,,,,,,,,,,,,,,,,,,,,,,,,,,,,,,,,,,,,,,,,,,,,,,,,,,,,,,,,,,,,,,,,,,,,,,,,,,,,,,,,,,,,,,,,,,,,,,,,,,,,,,,,,,,,,,,,,,,,,,,,,,,,,
"1,0940883333","6,2261111111",,,,,,,,,,,,,,,,,,,,,,,,,,,,,,,,,,,,,,,,,,,,,,,,,,,,,,,,,,,,,,,,,,,,,,,,,,,,,,,,,,,,,,,,,,,,,,,,,,,,,,,,,,,,,,,,,,,,,,,,,,,,,,,,,,,,,,,,,,,,,,,,,,,,,,,,,,,,,,,,,,,,,,,,,,,,,,,
"1,0008206667","3,5887222222",,,,,,,,,,,,,,,,,,,,,,,,,,,,,,,,,,,,,,,,,,,,,,,,,,,,,,,,,,,,,,,,,,,,,,,,,,,,,,,,,,,,,,,,,,,,,,,,,,,,,,,,,,,,,,,,,,,,,,,,,,,,,,,,,,,,,,,,,,,,,,,,,,,,,,,,,,,,,,,,,,,,,,,,,,,,,,,
"1,00065","2,3232166667",,,,,,,,,,,,,,,,,,,,,,,,,,,,,,,,,,,,,,,,,,,,,,,,,,,,,,,,,,,,,,,,,,,,,,,,,,,,,,,,,,,,,,,,,,,,,,,,,,,,,,,,,,,,,,,,,,,,,,,,,,,,,,,,,,,,,,,,,,,,,,,,,,,,,,,,,,,,,,,,,,,,,,,,,,,,,,,
"1,000715","2,2718666667",,,,,,,,,,,,,,,,,,,,,,,,,,,,,,,,,,,,,,,,,,,,,,,,,,,,,,,,,,,,,,,,,,,,,,,,,,,,,,,,,,,,,,,,,,,,,,,,,,,,,,,,,,,,,,,,,,,,,,,,,,,,,,,,,,,,,,,,,,,,,,,,,,,,,,,,,,,,,,,,,,,,,,,,,,,,,,,
"1,010022","4,4221666667",,,,,,,,,,,,,,,,,,,,,,,,,,,,,,,,,,,,,,,,,,,,,,,,,,,,,,,,,,,,,,,,,,,,,,,,,,,,,,,,,,,,,,,,,,,,,,,,,,,,,,,,,,,,,,,,,,,,,,,,,,,,,,,,,,,,,,,,,,,,,,,,,,,,,,,,,,,,,,,,,,,,,,,,,,,,,,,
"0,9987953333","2,85085",,,,,,,,,,,,,,,,,,,,,,,,,,,,,,,,,,,,,,,,,,,,,,,,,,,,,,,,,,,,,,,,,,,,,,,,,,,,,,,,,,,,,,,,,,,,,,,,,,,,,,,,,,,,,,,,,,,,,,,,,,,,,,,,,,,,,,,,,,,,,,,,,,,,,,,,,,,,,,,,,,,,,,,,,,,,,,,
1,"3,5366722222",,,,,,,,,,,,,,,,,,,,,,,,,,,,,,,,,,,,,,,,,,,,,,,,,,,,,,,,,,,,,,,,,,,,,,,,,,,,,,,,,,,,,,,,,,,,,,,,,,,,,,,,,,,,,,,,,,,,,,,,,,,,,,,,,,,,,,,,,,,,,,,,,,,,,,,,,,,,,,,,,,,,,,,,,,,,,,,
"1,0293983333","4,8114722222",,,,,,,,,,,,,,,,,,,,,,,,,,,,,,,,,,,,,,,,,,,,,,,,,,,,,,,,,,,,,,,,,,,,,,,,,,,,,,,,,,,,,,,,,,,,,,,,,,,,,,,,,,,,,,,,,,,,,,,,,,,,,,,,,,,,,,,,,,,,,,,,,,,,,,,,,,,,,,,,,,,,,,,,,,,,,,,
"1,0125916667","2,9116722222",,,,,,,,,,,,,,,,,,,,,,,,,,,,,,,,,,,,,,,,,,,,,,,,,,,,,,,,,,,,,,,,,,,,,,,,,,,,,,,,,,,,,,,,,,,,,,,,,,,,,,,,,,,,,,,,,,,,,,,,,,,,,,,,,,,,,,,,,,,,,,,,,,,,,,,,,,,,,,,,,,,,,,,,,,,,,,,
"1,049638","2,8172666667",,,,,,,,,,,,,,,,,,,,,,,,,,,,,,,,,,,,,,,,,,,,,,,,,,,,,,,,,,,,,,,,,,,,,,,,,,,,,,,,,,,,,,,,,,,,,,,,,,,,,,,,,,,,,,,,,,,,,,,,,,,,,,,,,,,,,,,,,,,,,,,,,,,,,,,,,,,,,,,,,,,,,,,,,,,,,,,
"1,08769","7,2621055556",,,,,,,,,,,,,,,,,,,,,,,,,,,,,,,,,,,,,,,,,,,,,,,,,,,,,,,,,,,,,,,,,,,,,,,,,,,,,,,,,,,,,,,,,,,,,,,,,,,,,,,,,,,,,,,,,,,,,,,,,,,,,,,,,,,,,,,,,,,,,,,,,,,,,,,,,,,,,,,,,,,,,,,,,,,,,,,
"1,2428933333","5,1542",,,,,,,,,,,,,,,,,,,,,,,,,,,,,,,,,,,,,,,,,,,,,,,,,,,,,,,,,,,,,,,,,,,,,,,,,,,,,,,,,,,,,,,,,,,,,,,,,,,,,,,,,,,,,,,,,,,,,,,,,,,,,,,,,,,,,,,,,,,,,,,,,,,,,,,,,,,,,,,,,,,,,,,,,,,,,,,
"1,4067893333","2,7122222222",,,,,,,,,,,,,,,,,,,,,,,,,,,,,,,,,,,,,,,,,,,,,,,,,,,,,,,,,,,,,,,,,,,,,,,,,,,,,,,,,,,,,,,,,,,,,,,,,,,,,,,,,,,,,,,,,,,,,,,,,,,,,,,,,,,,,,,,,,,,,,,,,,,,,,,,,,,,,,,,,,,,,,,,,,,,,,,
"1,122125","3,1061722222",,,,,,,,,,,,,,,,,,,,,,,,,,,,,,,,,,,,,,,,,,,,,,,,,,,,,,,,,,,,,,,,,,,,,,,,,,,,,,,,,,,,,,,,,,,,,,,,,,,,,,,,,,,,,,,,,,,,,,,,,,,,,,,,,,,,,,,,,,,,,,,,,,,,,,,,,,,,,,,,,,,,,,,,,,,,,,,
"1,0638973333","4,7497833333",,,,,,,,,,,,,,,,,,,,,,,,,,,,,,,,,,,,,,,,,,,,,,,,,,,,,,,,,,,,,,,,,,,,,,,,,,,,,,,,,,,,,,,,,,,,,,,,,,,,,,,,,,,,,,,,,,,,,,,,,,,,,,,,,,,,,,,,,,,,,,,,,,,,,,,,,,,,,,,,,,,,,,,,,,,,,,,
"1,1272786667","3,4281166667",,,,,,,,,,,,,,,,,,,,,,,,,,,,,,,,,,,,,,,,,,,,,,,,,,,,,,,,,,,,,,,,,,,,,,,,,,,,,,,,,,,,,,,,,,,,,,,,,,,,,,,,,,,,,,,,,,,,,,,,,,,,,,,,,,,,,,,,,,,,,,,,,,,,,,,,,,,,,,,,,,,,,,,,,,,,,,,
1,"3,2849944444",,,,,,,,,,,,,,,,,,,,,,,,,,,,,,,,,,,,,,,,,,,,,,,,,,,,,,,,,,,,,,,,,,,,,,,,,,,,,,,,,,,,,,,,,,,,,,,,,,,,,,,,,,,,,,,,,,,,,,,,,,,,,,,,,,,,,,,,,,,,,,,,,,,,,,,,,,,,,,,,,,,,,,,,,,,,,,,
1,"2,7911888889",,,,,,,,,,,,,,,,,,,,,,,,,,,,,,,,,,,,,,,,,,,,,,,,,,,,,,,,,,,,,,,,,,,,,,,,,,,,,,,,,,,,,,,,,,,,,,,,,,,,,,,,,,,,,,,,,,,,,,,,,,,,,,,,,,,,,,,,,,,,,,,,,,,,,,,,,,,,,,,,,,,,,,,,,,,,,,,
"1,0000856667","3,6815444444",,,,,,,,,,,,,,,,,,,,,,,,,,,,,,,,,,,,,,,,,,,,,,,,,,,,,,,,,,,,,,,,,,,,,,,,,,,,,,,,,,,,,,,,,,,,,,,,,,,,,,,,,,,,,,,,,,,,,,,,,,,,,,,,,,,,,,,,,,,,,,,,,,,,,,,,,,,,,,,,,,,,,,,,,,,,,,,
"1,0001713333","58,8911222222",,,,,,,,,,,,,,,,,,,,,,,,,,,,,,,,,,,,,,,,,,,,,,,,,,,,,,,,,,,,,,,,,,,,,,,,,,,,,,,,,,,,,,,,,,,,,,,,,,,,,,,,,,,,,,,,,,,,,,,,,,,,,,,,,,,,,,,,,,,,,,,,,,,,,,,,,,,,,,,,,,,,,,,,,,,,,,,
"1,0004296667","3,7523611111",,,,,,,,,,,,,,,,,,,,,,,,,,,,,,,,,,,,,,,,,,,,,,,,,,,,,,,,,,,,,,,,,,,,,,,,,,,,,,,,,,,,,,,,,,,,,,,,,,,,,,,,,,,,,,,,,,,,,,,,,,,,,,,,,,,,,,,,,,,,,,,,,,,,,,,,,,,,,,,,,,,,,,,,,,,,,,,
"1,007505","4,9004944444",,,,,,,,,,,,,,,,,,,,,,,,,,,,,,,,,,,,,,,,,,,,,,,,,,,,,,,,,,,,,,,,,,,,,,,,,,,,,,,,,,,,,,,,,,,,,,,,,,,,,,,,,,,,,,,,,,,,,,,,,,,,,,,,,,,,,,,,,,,,,,,,,,,,,,,,,,,,,,,,,,,,,,,,,,,,,,,
"1,2692436667","10,8313388889",,,,,,,,,,,,,,,,,,,,,,,,,,,,,,,,,,,,,,,,,,,,,,,,,,,,,,,,,,,,,,,,,,,,,,,,,,,,,,,,,,,,,,,,,,,,,,,,,,,,,,,,,,,,,,,,,,,,,,,,,,,,,,,,,,,,,,,,,,,,,,,,,,,,,,,,,,,,,,,,,,,,,,,,,,,,,,,
"1,0475986667","7,28225",,,,,,,,,,,,,,,,,,,,,,,,,,,,,,,,,,,,,,,,,,,,,,,,,,,,,,,,,,,,,,,,,,,,,,,,,,,,,,,,,,,,,,,,,,,,,,,,,,,,,,,,,,,,,,,,,,,,,,,,,,,,,,,,,,,,,,,,,,,,,,,,,,,,,,,,,,,,,,,,,,,,,,,,,,,,,,,
"1,0000613333","3,81405",,,,,,,,,,,,,,,,,,,,,,,,,,,,,,,,,,,,,,,,,,,,,,,,,,,,,,,,,,,,,,,,,,,,,,,,,,,,,,,,,,,,,,,,,,,,,,,,,,,,,,,,,,,,,,,,,,,,,,,,,,,,,,,,,,,,,,,,,,,,,,,,,,,,,,,,,,,,,,,,,,,,,,,,,,,,,,,
"1,0584996667","3,7891888889",,,,,,,,,,,,,,,,,,,,,,,,,,,,,,,,,,,,,,,,,,,,,,,,,,,,,,,,,,,,,,,,,,,,,,,,,,,,,,,,,,,,,,,,,,,,,,,,,,,,,,,,,,,,,,,,,,,,,,,,,,,,,,,,,,,,,,,,,,,,,,,,,,,,,,,,,,,,,,,,,,,,,,,,,,,,,,,
"1,1759686667","6,5560444444",,,,,,,,,,,,,,,,,,,,,,,,,,,,,,,,,,,,,,,,,,,,,,,,,,,,,,,,,,,,,,,,,,,,,,,,,,,,,,,,,,,,,,,,,,,,,,,,,,,,,,,,,,,,,,,,,,,,,,,,,,,,,,,,,,,,,,,,,,,,,,,,,,,,,,,,,,,,,,,,,,,,,,,,,,,,,,,
"1,068574","5,20955",,,,,,,,,,,,,,,,,,,,,,,,,,,,,,,,,,,,,,,,,,,,,,,,,,,,,,,,,,,,,,,,,,,,,,,,,,,,,,,,,,,,,,,,,,,,,,,,,,,,,,,,,,,,,,,,,,,,,,,,,,,,,,,,,,,,,,,,,,,,,,,,,,,,,,,,,,,,,,,,,,,,,,,,,,,,,,,
"1,0739276667","4,5961444444",,,,,,,,,,,,,,,,,,,,,,,,,,,,,,,,,,,,,,,,,,,,,,,,,,,,,,,,,,,,,,,,,,,,,,,,,,,,,,,,,,,,,,,,,,,,,,,,,,,,,,,,,,,,,,,,,,,,,,,,,,,,,,,,,,,,,,,,,,,,,,,,,,,,,,,,,,,,,,,,,,,,,,,,,,,,,,,
"1,2687056667","3,6222833333",,,,,,,,,,,,,,,,,,,,,,,,,,,,,,,,,,,,,,,,,,,,,,,,,,,,,,,,,,,,,,,,,,,,,,,,,,,,,,,,,,,,,,,,,,,,,,,,,,,,,,,,,,,,,,,,,,,,,,,,,,,,,,,,,,,,,,,,,,,,,,,,,,,,,,,,,,,,,,,,,,,,,,,,,,,,,,,
"1,3403263333","4,4791222222",,,,,,,,,,,,,,,,,,,,,,,,,,,,,,,,,,,,,,,,,,,,,,,,,,,,,,,,,,,,,,,,,,,,,,,,,,,,,,,,,,,,,,,,,,,,,,,,,,,,,,,,,,,,,,,,,,,,,,,,,,,,,,,,,,,,,,,,,,,,,,,,,,,,,,,,,,,,,,,,,,,,,,,,,,,,,,,
"1,0930953333","2,6109777778",,,,,,,,,,,,,,,,,,,,,,,,,,,,,,,,,,,,,,,,,,,,,,,,,,,,,,,,,,,,,,,,,,,,,,,,,,,,,,,,,,,,,,,,,,,,,,,,,,,,,,,,,,,,,,,,,,,,,,,,,,,,,,,,,,,,,,,,,,,,,,,,,,,,,,,,,,,,,,,,,,,,,,,,,,,,,,,
"1,0315913333","3,3508333333",,,,,,,,,,,,,,,,,,,,,,,,,,,,,,,,,,,,,,,,,,,,,,,,,,,,,,,,,,,,,,,,,,,,,,,,,,,,,,,,,,,,,,,,,,,,,,,,,,,,,,,,,,,,,,,,,,,,,,,,,,,,,,,,,,,,,,,,,,,,,,,,,,,,,,,,,,,,,,,,,,,,,,,,,,,,,,,
"1,1756","3,9998777778",,,,,,,,,,,,,,,,,,,,,,,,,,,,,,,,,,,,,,,,,,,,,,,,,,,,,,,,,,,,,,,,,,,,,,,,,,,,,,,,,,,,,,,,,,,,,,,,,,,,,,,,,,,,,,,,,,,,,,,,,,,,,,,,,,,,,,,,,,,,,,,,,,,,,,,,,,,,,,,,,,,,,,,,,,,,,,,
"1,3512456667","4,0594333333",,,,,,,,,,,,,,,,,,,,,,,,,,,,,,,,,,,,,,,,,,,,,,,,,,,,,,,,,,,,,,,,,,,,,,,,,,,,,,,,,,,,,,,,,,,,,,,,,,,,,,,,,,,,,,,,,,,,,,,,,,,,,,,,,,,,,,,,,,,,,,,,,,,,,,,,,,,,,,,,,,,,,,,,,,,,,,,
"1,044883","4,5063222222",,,,,,,,,,,,,,,,,,,,,,,,,,,,,,,,,,,,,,,,,,,,,,,,,,,,,,,,,,,,,,,,,,,,,,,,,,,,,,,,,,,,,,,,,,,,,,,,,,,,,,,,,,,,,,,,,,,,,,,,,,,,,,,,,,,,,,,,,,,,,,,,,,,,,,,,,,,,,,,,,,,,,,,,,,,,,,,
"1,0706753333","5,9007611111",,,,,,,,,,,,,,,,,,,,,,,,,,,,,,,,,,,,,,,,,,,,,,,,,,,,,,,,,,,,,,,,,,,,,,,,,,,,,,,,,,,,,,,,,,,,,,,,,,,,,,,,,,,,,,,,,,,,,,,,,,,,,,,,,,,,,,,,,,,,,,,,,,,,,,,,,,,,,,,,,,,,,,,,,,,,,,,
"0,9725726667","6,8427222222",,,,,,,,,,,,,,,,,,,,,,,,,,,,,,,,,,,,,,,,,,,,,,,,,,,,,,,,,,,,,,,,,,,,,,,,,,,,,,,,,,,,,,,,,,,,,,,,,,,,,,,,,,,,,,,,,,,,,,,,,,,,,,,,,,,,,,,,,,,,,,,,,,,,,,,,,,,,,,,,,,,,,,,,,,,,,,,
"1,0485786667","4,3222222222",,,,,,,,,,,,,,,,,,,,,,,,,,,,,,,,,,,,,,,,,,,,,,,,,,,,,,,,,,,,,,,,,,,,,,,,,,,,,,,,,,,,,,,,,,,,,,,,,,,,,,,,,,,,,,,,,,,,,,,,,,,,,,,,,,,,,,,,,,,,,,,,,,,,,,,,,,,,,,,,,,,,,,,,,,,,,,,
"1,0885846667","3,7540333333",,,,,,,,,,,,,,,,,,,,,,,,,,,,,,,,,,,,,,,,,,,,,,,,,,,,,,,,,,,,,,,,,,,,,,,,,,,,,,,,,,,,,,,,,,,,,,,,,,,,,,,,,,,,,,,,,,,,,,,,,,,,,,,,,,,,,,,,,,,,,,,,,,,,,,,,,,,,,,,,,,,,,,,,,,,,,,,
1,"2,5020444444",,,,,,,,,,,,,,,,,,,,,,,,,,,,,,,,,,,,,,,,,,,,,,,,,,,,,,,,,,,,,,,,,,,,,,,,,,,,,,,,,,,,,,,,,,,,,,,,,,,,,,,,,,,,,,,,,,,,,,,,,,,,,,,,,,,,,,,,,,,,,,,,,,,,,,,,,,,,,,,,,,,,,,,,,,,,,,,
1,"1,7874111111",,,,,,,,,,,,,,,,,,,,,,,,,,,,,,,,,,,,,,,,,,,,,,,,,,,,,,,,,,,,,,,,,,,,,,,,,,,,,,,,,,,,,,,,,,,,,,,,,,,,,,,,,,,,,,,,,,,,,,,,,,,,,,,,,,,,,,,,,,,,,,,,,,,,,,,,,,,,,,,,,,,,,,,,,,,,,,,
,,,,,,,,,,,,,,,,,,,,,,,,,,,,,,,,,,,,,,,,,,,,,,,,,,,,,,,,,,,,,,,,,,,,,,,,,,,,,,,,,,,,,,,,,,,,,,,,,,,,,,,,,,,,,,,,,,,,,,,,,,,,,,,,,,,,,,,,,,,,,,,,,,,,,,,,,,,,,,,,,,,,,,,,,,,,,,,,
,,,,,,,,,,,,,,,,,,,,,,,,,,,,,,,,,,,,,,,,,,,,,,,,,,,,,,,,,,,,,,,,,,,,,,,,,,,,,,,,,,,,,,,,,,,,,,,,,,,,,,,,,,,,,,,,,,,,,,,,,,,,,,,,,,,,,,,,,,,,,,,,,,,,,,,,,,,,,,,,,,,,,,,,,,,,,,,,
"1,0940883333","6,2261111111",,,,,,,,,,,,,,,,,,,,,,,,,,,,,,,,,,,,,,,,,,,,,,,,,,,,,,,,,,,,,,,,,,,,,,,,,,,,,,,,,,,,,,,,,,,,,,,,,,,,,,,,,,,,,,,,,,,,,,,,,,,,,,,,,,,,,,,,,,,,,,,,,,,,,,,,,,,,,,,,,,,,,,,,,,,,,,,
"1,0008206667","3,5887222222",,,,,,,,,,,,,,,,,,,,,,,,,,,,,,,,,,,,,,,,,,,,,,,,,,,,,,,,,,,,,,,,,,,,,,,,,,,,,,,,,,,,,,,,,,,,,,,,,,,,,,,,,,,,,,,,,,,,,,,,,,,,,,,,,,,,,,,,,,,,,,,,,,,,,,,,,,,,,,,,,,,,,,,,,,,,,,,
"1,00065","2,3232166667",,,,,,,,,,,,,,,,,,,,,,,,,,,,,,,,,,,,,,,,,,,,,,,,,,,,,,,,,,,,,,,,,,,,,,,,,,,,,,,,,,,,,,,,,,,,,,,,,,,,,,,,,,,,,,,,,,,,,,,,,,,,,,,,,,,,,,,,,,,,,,,,,,,,,,,,,,,,,,,,,,,,,,,,,,,,,,,
"1,000715","2,2718666667",,,,,,,,,,,,,,,,,,,,,,,,,,,,,,,,,,,,,,,,,,,,,,,,,,,,,,,,,,,,,,,,,,,,,,,,,,,,,,,,,,,,,,,,,,,,,,,,,,,,,,,,,,,,,,,,,,,,,,,,,,,,,,,,,,,,,,,,,,,,,,,,,,,,,,,,,,,,,,,,,,,,,,,,,,,,,,,
"1,010022","4,4221666667",,,,,,,,,,,,,,,,,,,,,,,,,,,,,,,,,,,,,,,,,,,,,,,,,,,,,,,,,,,,,,,,,,,,,,,,,,,,,,,,,,,,,,,,,,,,,,,,,,,,,,,,,,,,,,,,,,,,,,,,,,,,,,,,,,,,,,,,,,,,,,,,,,,,,,,,,,,,,,,,,,,,,,,,,,,,,,,
"0,9987953333","2,85085",,,,,,,,,,,,,,,,,,,,,,,,,,,,,,,,,,,,,,,,,,,,,,,,,,,,,,,,,,,,,,,,,,,,,,,,,,,,,,,,,,,,,,,,,,,,,,,,,,,,,,,,,,,,,,,,,,,,,,,,,,,,,,,,,,,,,,,,,,,,,,,,,,,,,,,,,,,,,,,,,,,,,,,,,,,,,,,
1,"3,5366722222",,,,,,,,,,,,,,,,,,,,,,,,,,,,,,,,,,,,,,,,,,,,,,,,,,,,,,,,,,,,,,,,,,,,,,,,,,,,,,,,,,,,,,,,,,,,,,,,,,,,,,,,,,,,,,,,,,,,,,,,,,,,,,,,,,,,,,,,,,,,,,,,,,,,,,,,,,,,,,,,,,,,,,,,,,,,,,,
"1,0293983333","4,8114722222",,,,,,,,,,,,,,,,,,,,,,,,,,,,,,,,,,,,,,,,,,,,,,,,,,,,,,,,,,,,,,,,,,,,,,,,,,,,,,,,,,,,,,,,,,,,,,,,,,,,,,,,,,,,,,,,,,,,,,,,,,,,,,,,,,,,,,,,,,,,,,,,,,,,,,,,,,,,,,,,,,,,,,,,,,,,,,,
"1,0125916667","2,9116722222",,,,,,,,,,,,,,,,,,,,,,,,,,,,,,,,,,,,,,,,,,,,,,,,,,,,,,,,,,,,,,,,,,,,,,,,,,,,,,,,,,,,,,,,,,,,,,,,,,,,,,,,,,,,,,,,,,,,,,,,,,,,,,,,,,,,,,,,,,,,,,,,,,,,,,,,,,,,,,,,,,,,,,,,,,,,,,,
"1,049638","2,8172666667",,,,,,,,,,,,,,,,,,,,,,,,,,,,,,,,,,,,,,,,,,,,,,,,,,,,,,,,,,,,,,,,,,,,,,,,,,,,,,,,,,,,,,,,,,,,,,,,,,,,,,,,,,,,,,,,,,,,,,,,,,,,,,,,,,,,,,,,,,,,,,,,,,,,,,,,,,,,,,,,,,,,,,,,,,,,,,,
"1,08769","7,2621055556",,,,,,,,,,,,,,,,,,,,,,,,,,,,,,,,,,,,,,,,,,,,,,,,,,,,,,,,,,,,,,,,,,,,,,,,,,,,,,,,,,,,,,,,,,,,,,,,,,,,,,,,,,,,,,,,,,,,,,,,,,,,,,,,,,,,,,,,,,,,,,,,,,,,,,,,,,,,,,,,,,,,,,,,,,,,,,,
"1,2428933333","5,1542",,,,,,,,,,,,,,,,,,,,,,,,,,,,,,,,,,,,,,,,,,,,,,,,,,,,,,,,,,,,,,,,,,,,,,,,,,,,,,,,,,,,,,,,,,,,,,,,,,,,,,,,,,,,,,,,,,,,,,,,,,,,,,,,,,,,,,,,,,,,,,,,,,,,,,,,,,,,,,,,,,,,,,,,,,,,,,,
"1,4067893333","2,7122222222",,,,,,,,,,,,,,,,,,,,,,,,,,,,,,,,,,,,,,,,,,,,,,,,,,,,,,,,,,,,,,,,,,,,,,,,,,,,,,,,,,,,,,,,,,,,,,,,,,,,,,,,,,,,,,,,,,,,,,,,,,,,,,,,,,,,,,,,,,,,,,,,,,,,,,,,,,,,,,,,,,,,,,,,,,,,,,,
"1,122125","3,1061722222",,,,,,,,,,,,,,,,,,,,,,,,,,,,,,,,,,,,,,,,,,,,,,,,,,,,,,,,,,,,,,,,,,,,,,,,,,,,,,,,,,,,,,,,,,,,,,,,,,,,,,,,,,,,,,,,,,,,,,,,,,,,,,,,,,,,,,,,,,,,,,,,,,,,,,,,,,,,,,,,,,,,,,,,,,,,,,,
"1,0638973333","4,7497833333",,,,,,,,,,,,,,,,,,,,,,,,,,,,,,,,,,,,,,,,,,,,,,,,,,,,,,,,,,,,,,,,,,,,,,,,,,,,,,,,,,,,,,,,,,,,,,,,,,,,,,,,,,,,,,,,,,,,,,,,,,,,,,,,,,,,,,,,,,,,,,,,,,,,,,,,,,,,,,,,,,,,,,,,,,,,,,,
"1,1272786667","3,4281166667",,,,,,,,,,,,,,,,,,,,,,,,,,,,,,,,,,,,,,,,,,,,,,,,,,,,,,,,,,,,,,,,,,,,,,,,,,,,,,,,,,,,,,,,,,,,,,,,,,,,,,,,,,,,,,,,,,,,,,,,,,,,,,,,,,,,,,,,,,,,,,,,,,,,,,,,,,,,,,,,,,,,,,,,,,,,,,,
1,"3,2849944444",,,,,,,,,,,,,,,,,,,,,,,,,,,,,,,,,,,,,,,,,,,,,,,,,,,,,,,,,,,,,,,,,,,,,,,,,,,,,,,,,,,,,,,,,,,,,,,,,,,,,,,,,,,,,,,,,,,,,,,,,,,,,,,,,,,,,,,,,,,,,,,,,,,,,,,,,,,,,,,,,,,,,,,,,,,,,,,
1,"2,7911888889",,,,,,,,,,,,,,,,,,,,,,,,,,,,,,,,,,,,,,,,,,,,,,,,,,,,,,,,,,,,,,,,,,,,,,,,,,,,,,,,,,,,,,,,,,,,,,,,,,,,,,,,,,,,,,,,,,,,,,,,,,,,,,,,,,,,,,,,,,,,,,,,,,,,,,,,,,,,,,,,,,,,,,,,,,,,,,,
"1,0000856667","3,6815444444",,,,,,,,,,,,,,,,,,,,,,,,,,,,,,,,,,,,,,,,,,,,,,,,,,,,,,,,,,,,,,,,,,,,,,,,,,,,,,,,,,,,,,,,,,,,,,,,,,,,,,,,,,,,,,,,,,,,,,,,,,,,,,,,,,,,,,,,,,,,,,,,,,,,,,,,,,,,,,,,,,,,,,,,,,,,,,,
"1,0001713333","58,8911222222",,,,,,,,,,,,,,,,,,,,,,,,,,,,,,,,,,,,,,,,,,,,,,,,,,,,,,,,,,,,,,,,,,,,,,,,,,,,,,,,,,,,,,,,,,,,,,,,,,,,,,,,,,,,,,,,,,,,,,,,,,,,,,,,,,,,,,,,,,,,,,,,,,,,,,,,,,,,,,,,,,,,,,,,,,,,,,,
"1,0004296667","3,7523611111",,,,,,,,,,,,,,,,,,,,,,,,,,,,,,,,,,,,,,,,,,,,,,,,,,,,,,,,,,,,,,,,,,,,,,,,,,,,,,,,,,,,,,,,,,,,,,,,,,,,,,,,,,,,,,,,,,,,,,,,,,,,,,,,,,,,,,,,,,,,,,,,,,,,,,,,,,,,,,,,,,,,,,,,,,,,,,,
"1,007505","4,9004944444",,,,,,,,,,,,,,,,,,,,,,,,,,,,,,,,,,,,,,,,,,,,,,,,,,,,,,,,,,,,,,,,,,,,,,,,,,,,,,,,,,,,,,,,,,,,,,,,,,,,,,,,,,,,,,,,,,,,,,,,,,,,,,,,,,,,,,,,,,,,,,,,,,,,,,,,,,,,,,,,,,,,,,,,,,,,,,,
"1,2692436667","10,8313388889",,,,,,,,,,,,,,,,,,,,,,,,,,,,,,,,,,,,,,,,,,,,,,,,,,,,,,,,,,,,,,,,,,,,,,,,,,,,,,,,,,,,,,,,,,,,,,,,,,,,,,,,,,,,,,,,,,,,,,,,,,,,,,,,,,,,,,,,,,,,,,,,,,,,,,,,,,,,,,,,,,,,,,,,,,,,,,,
"1,0475986667","7,28225",,,,,,,,,,,,,,,,,,,,,,,,,,,,,,,,,,,,,,,,,,,,,,,,,,,,,,,,,,,,,,,,,,,,,,,,,,,,,,,,,,,,,,,,,,,,,,,,,,,,,,,,,,,,,,,,,,,,,,,,,,,,,,,,,,,,,,,,,,,,,,,,,,,,,,,,,,,,,,,,,,,,,,,,,,,,,,,
"1,0000613333","3,81405",,,,,,,,,,,,,,,,,,,,,,,,,,,,,,,,,,,,,,,,,,,,,,,,,,,,,,,,,,,,,,,,,,,,,,,,,,,,,,,,,,,,,,,,,,,,,,,,,,,,,,,,,,,,,,,,,,,,,,,,,,,,,,,,,,,,,,,,,,,,,,,,,,,,,,,,,,,,,,,,,,,,,,,,,,,,,,,
"1,0584996667","3,7891888889",,,,,,,,,,,,,,,,,,,,,,,,,,,,,,,,,,,,,,,,,,,,,,,,,,,,,,,,,,,,,,,,,,,,,,,,,,,,,,,,,,,,,,,,,,,,,,,,,,,,,,,,,,,,,,,,,,,,,,,,,,,,,,,,,,,,,,,,,,,,,,,,,,,,,,,,,,,,,,,,,,,,,,,,,,,,,,,
"1,1759686667","6,5560444444",,,,,,,,,,,,,,,,,,,,,,,,,,,,,,,,,,,,,,,,,,,,,,,,,,,,,,,,,,,,,,,,,,,,,,,,,,,,,,,,,,,,,,,,,,,,,,,,,,,,,,,,,,,,,,,,,,,,,,,,,,,,,,,,,,,,,,,,,,,,,,,,,,,,,,,,,,,,,,,,,,,,,,,,,,,,,,,
"1,068574","5,20955",,,,,,,,,,,,,,,,,,,,,,,,,,,,,,,,,,,,,,,,,,,,,,,,,,,,,,,,,,,,,,,,,,,,,,,,,,,,,,,,,,,,,,,,,,,,,,,,,,,,,,,,,,,,,,,,,,,,,,,,,,,,,,,,,,,,,,,,,,,,,,,,,,,,,,,,,,,,,,,,,,,,,,,,,,,,,,,
"1,0739276667","4,5961444444",,,,,,,,,,,,,,,,,,,,,,,,,,,,,,,,,,,,,,,,,,,,,,,,,,,,,,,,,,,,,,,,,,,,,,,,,,,,,,,,,,,,,,,,,,,,,,,,,,,,,,,,,,,,,,,,,,,,,,,,,,,,,,,,,,,,,,,,,,,,,,,,,,,,,,,,,,,,,,,,,,,,,,,,,,,,,,,
"1,2687056667","3,6222833333",,,,,,,,,,,,,,,,,,,,,,,,,,,,,,,,,,,,,,,,,,,,,,,,,,,,,,,,,,,,,,,,,,,,,,,,,,,,,,,,,,,,,,,,,,,,,,,,,,,,,,,,,,,,,,,,,,,,,,,,,,,,,,,,,,,,,,,,,,,,,,,,,,,,,,,,,,,,,,,,,,,,,,,,,,,,,,,
"1,3403263333","4,4791222222",,,,,,,,,,,,,,,,,,,,,,,,,,,,,,,,,,,,,,,,,,,,,,,,,,,,,,,,,,,,,,,,,,,,,,,,,,,,,,,,,,,,,,,,,,,,,,,,,,,,,,,,,,,,,,,,,,,,,,,,,,,,,,,,,,,,,,,,,,,,,,,,,,,,,,,,,,,,,,,,,,,,,,,,,,,,,,,
"1,0930953333","2,6109777778",,,,,,,,,,,,,,,,,,,,,,,,,,,,,,,,,,,,,,,,,,,,,,,,,,,,,,,,,,,,,,,,,,,,,,,,,,,,,,,,,,,,,,,,,,,,,,,,,,,,,,,,,,,,,,,,,,,,,,,,,,,,,,,,,,,,,,,,,,,,,,,,,,,,,,,,,,,,,,,,,,,,,,,,,,,,,,,
"1,0315913333","3,3508333333",,,,,,,,,,,,,,,,,,,,,,,,,,,,,,,,,,,,,,,,,,,,,,,,,,,,,,,,,,,,,,,,,,,,,,,,,,,,,,,,,,,,,,,,,,,,,,,,,,,,,,,,,,,,,,,,,,,,,,,,,,,,,,,,,,,,,,,,,,,,,,,,,,,,,,,,,,,,,,,,,,,,,,,,,,,,,,,
"1,1756","3,9998777778",,,,,,,,,,,,,,,,,,,,,,,,,,,,,,,,,,,,,,,,,,,,,,,,,,,,,,,,,,,,,,,,,,,,,,,,,,,,,,,,,,,,,,,,,,,,,,,,,,,,,,,,,,,,,,,,,,,,,,,,,,,,,,,,,,,,,,,,,,,,,,,,,,,,,,,,,,,,,,,,,,,,,,,,,,,,,,,
"1,3512456667","4,0594333333",,,,,,,,,,,,,,,,,,,,,,,,,,,,,,,,,,,,,,,,,,,,,,,,,,,,,,,,,,,,,,,,,,,,,,,,,,,,,,,,,,,,,,,,,,,,,,,,,,,,,,,,,,,,,,,,,,,,,,,,,,,,,,,,,,,,,,,,,,,,,,,,,,,,,,,,,,,,,,,,,,,,,,,,,,,,,,,
"1,044883","4,5063222222",,,,,,,,,,,,,,,,,,,,,,,,,,,,,,,,,,,,,,,,,,,,,,,,,,,,,,,,,,,,,,,,,,,,,,,,,,,,,,,,,,,,,,,,,,,,,,,,,,,,,,,,,,,,,,,,,,,,,,,,,,,,,,,,,,,,,,,,,,,,,,,,,,,,,,,,,,,,,,,,,,,,,,,,,,,,,,,
"1,0706753333","5,9007611111",,,,,,,,,,,,,,,,,,,,,,,,,,,,,,,,,,,,,,,,,,,,,,,,,,,,,,,,,,,,,,,,,,,,,,,,,,,,,,,,,,,,,,,,,,,,,,,,,,,,,,,,,,,,,,,,,,,,,,,,,,,,,,,,,,,,,,,,,,,,,,,,,,,,,,,,,,,,,,,,,,,,,,,,,,,,,,,
"0,9725726667","6,8427222222",,,,,,,,,,,,,,,,,,,,,,,,,,,,,,,,,,,,,,,,,,,,,,,,,,,,,,,,,,,,,,,,,,,,,,,,,,,,,,,,,,,,,,,,,,,,,,,,,,,,,,,,,,,,,,,,,,,,,,,,,,,,,,,,,,,,,,,,,,,,,,,,,,,,,,,,,,,,,,,,,,,,,,,,,,,,,,,
"1,0485786667","4,3222222222",,,,,,,,,,,,,,,,,,,,,,,,,,,,,,,,,,,,,,,,,,,,,,,,,,,,,,,,,,,,,,,,,,,,,,,,,,,,,,,,,,,,,,,,,,,,,,,,,,,,,,,,,,,,,,,,,,,,,,,,,,,,,,,,,,,,,,,,,,,,,,,,,,,,,,,,,,,,,,,,,,,,,,,,,,,,,,,
"1,0885846667","3,7540333333",,,,,,,,,,,,,,,,,,,,,,,,,,,,,,,,,,,,,,,,,,,,,,,,,,,,,,,,,,,,,,,,,,,,,,,,,,,,,,,,,,,,,,,,,,,,,,,,,,,,,,,,,,,,,,,,,,,,,,,,,,,,,,,,,,,,,,,,,,,,,,,,,,,,,,,,,,,,,,,,,,,,,,,,,,,,,,,
1,"2,5020444444",,,,,,,,,,,,,,,,,,,,,,,,,,,,,,,,,,,,,,,,,,,,,,,,,,,,,,,,,,,,,,,,,,,,,,,,,,,,,,,,,,,,,,,,,,,,,,,,,,,,,,,,,,,,,,,,,,,,,,,,,,,,,,,,,,,,,,,,,,,,,,,,,,,,,,,,,,,,,,,,,,,,,,,,,,,,,,,
1,"1,7874111111",,,,,,,,,,,,,,,,,,,,,,,,,,,,,,,,,,,,,,,,,,,,,,,,,,,,,,,,,,,,,,,,,,,,,,,,,,,,,,,,,,,,,,,,,,,,,,,,,,,,,,,,,,,,,,,,,,,,,,,,,,,,,,,,,,,,,,,,,,,,,,,,,,,,,,,,,,,,,,,,,,,,,,,,,,,,,,,
