DSP_autocor_c,10069,8779,"1,146942",2936898,6155,-jump-threading, -scalarrepl-ssa, -loop-reduce, -mergefunc, -loop-reduce, -strip-dead-prototypes, -loop-reduce, -loop-rotate, -loop-extract, -loop-reduce, -loop-rotate, -loop-extract, -inline, -loop-reduce, -loop-rotate, -loop-extract, -inline, -loop-reduce, -loop-rotate, -loop-extract, -inline, -loop-reduce, -loop-rotate, -loop-extract, -globaldce, -loop-unswitch, -inline, -loop-unswitch, -instcombine, -loop-unswitch, -inline, -loop-idiom, -loop-rotate, -loop-unswitch, -loop-unswitch, -loop-unswitch, -loop-unswitch, -instcombine, -loop-unswitch,8779,-jump-threading, -ipconstprop, -memcpyopt, -mergefunc, -globaldce, -memdep, -sccp, -codegenprepare, -lowerswitch, -basicaa, -memdep, -scalarrepl-ssa, -loop-reduce, -mergefunc, -loop-reduce, -lazy-value-info, -lowerswitch, -jump-threading, -correlated-propagation, -strip-dead-prototypes, -loop-reduce, -loop-rotate, -scalar-evolution, -loops, -loop-extract, -basiccg, -loop-reduce, -loop-rotate, -loops, -loop-extract, -basiccg, -loop-instsimplify, -globaldce, -lower-expect, -memcpyopt, -strip, -lowerinvoke, -inline, -ipsccp, -tailcallelim, -globaldce, -strip-dead-prototypes, -loop-reduce, -loop-rotate, -scalar-evolution, -loops, -loop-extract, -loop-distribute, -loop-instsimplify, -globaldce, -lower-expect, -memcpyopt, -memcpyopt, -lowerinvoke, -inline, -ipsccp, -tailcallelim, -targetlibinfo, -memcpyopt, -mergefunc, -loop-reduce, -loop-rotate, -scalar-evolution, -loop-rotate, -scalar-evolution, -loops, -loop-extract, -basiccg, -loop-instsimplify, -lowerinvoke, -inline, -ipsccp, -tailcallelim, -scalarrepl-ssa, -memcpyopt, -mergefunc, -loop-reduce, -loop-rotate, -scalar-evolution, -loops, -loop-extract, -basiccg, -loop-instsimplify, -globaldce, -die, -memcpyopt, -loop-rotate, -targetlibinfo, -loop-unswitch, -instcombine, -scalarrepl, -scalarrepl, -globaldce, -inline, -scalarrepl-ssa, -loop-idiom, -tbaa, -loop-rotate, -targetlibinfo, -loop-unswitch, -instcombine, -loop-rotate, -targetlibinfo, -loop-unswitch, -instcombine, -scalarrepl, -scalarrepl, -globaldce, -inline, -scalarrepl-ssa, -loop-idiom, -tbaa, -loop-rotate, -targetlibinfo, -loop-unswitch, -instcombine, -loop-unswitch, -targetlibinfo, -loop-unswitch, -instcombine, -loop-unswitch, -instcombine, -scalarrepl, -scalarrepl, -adce, -lowerinvoke, -partial-inliner, -loop-unswitch,128,,,,,
DSP_autocor_c,10069,9377,"1,073798",493974,6156,-loop-rotate, -scalarrepl-ssa, -loop-reduce, -constmerge, -loop-unswitch, -codegenprepare, -partial-inliner, -instcombine, -loop-idiom, -loop-deletion, -simplifycfg,9377,-scalar-evolution, -loop-reduce, -tailcallelim, -constmerge, -loop-rotate, -memcpyopt, -mergereturn, -scalarrepl-ssa, -basicaa, -loop-reduce, -loop-simplify, -constmerge, -basicaa, -loop-unswitch, -codegenprepare, -partial-inliner, -adce, -instcombine, -no-aa, -loop-idiom, -mergereturn, -loop-deletion, -dse, -simplifycfg, -lcssa, -basiccg, -adce,27,,,,,,,,,,,,,,,,,,,,,,,,,,,,,,,,,,,,,,,,,,,,,,,,,,,,,,,,,,,,,,,,,,,,,,,,,,,,,,,,,,,,,,,,,,,,,,,,,,,,,,,,,,,,,,,,,,,,,,,,,,,,,,,,,,,,,,
DSP_autocor_c,10069,9377,"1,073798",435816,6081,-loop-rotate, -licm, -scalarrepl, -loop-reduce, -loop-unswitch, -sccp, -simplifycfg, -basicaa, -loop-idiom, -loop-deletion, -simplifycfg,9377,-loop-rotate, -licm, -no-aa, -instsimplify, -scalarrepl, -loop-reduce, -basicaa, -loop-unswitch, -sccp, -simplifycfg, -basicaa, -loop-idiom, -tailcallelim, -loop-deletion, -constprop, -simplifycfg, -sroa, -targetlibinfo,18,,,,,,,,,,,,,,,,,,,,,,,,,,,,,,,,,,,,,,,,,,,,,,,,,,,,,,,,,,,,,,,,,,,,,,,,,,,,,,,,,,,,,,,,,,,,,,,,,,,,,,,,,,,,,,,,,,,,,,,,,,,,,,,,,,,,,,,,,,,,,,,
DSP_blk_eswap16_c,3664,3664,1,224805,3796,-scalarrepl, -loop-rotate, -indvars,3664,-scalarrepl, -loop-rotate, -indvars,3,,,,,,,,,,,,,,,,,,,,,,,,,,,,,,,,,,,,,,,,,,,,,,,,,,,,,,,,,,,,,,,,,,,,,,,,,,,,,,,,,,,,,,,,,,,,,,,,,,,,,,,,,,,,,,,,,,,,,,,,,,,,,,,,,,,,,,,,,,,,,,,,,,,,,,,,,,,,,,,,,,,,,,
DSP_blk_eswap16_c,3664,3664,1,233820,3943,-scalarrepl, -loop-rotate, -indvars,3664,-scalarrepl, -loop-rotate, -indvars,3,,,,,,,,,,,,,,,,,,,,,,,,,,,,,,,,,,,,,,,,,,,,,,,,,,,,,,,,,,,,,,,,,,,,,,,,,,,,,,,,,,,,,,,,,,,,,,,,,,,,,,,,,,,,,,,,,,,,,,,,,,,,,,,,,,,,,,,,,,,,,,,,,,,,,,,,,,,,,,,,,,,,,,
DSP_blk_eswap16_c,3664,3664,1,294643,4726,-loop-rotate, -scalarrepl, -indvars,3664,-loop-rotate, -scalarrepl, -indvars,3,,,,,,,,,,,,,,,,,,,,,,,,,,,,,,,,,,,,,,,,,,,,,,,,,,,,,,,,,,,,,,,,,,,,,,,,,,,,,,,,,,,,,,,,,,,,,,,,,,,,,,,,,,,,,,,,,,,,,,,,,,,,,,,,,,,,,,,,,,,,,,,,,,,,,,,,,,,,,,,,,,,,,,
DSP_blk_eswap32_c,3078,3076,"1,00065",249213,4105,-loop-rotate, -scalarrepl-ssa,3076,-loop-rotate, -scalarrepl-ssa,2,,,,,,,,,,,,,,,,,,,,,,,,,,,,,,,,,,,,,,,,,,,,,,,,,,,,,,,,,,,,,,,,,,,,,,,,,,,,,,,,,,,,,,,,,,,,,,,,,,,,,,,,,,,,,,,,,,,,,,,,,,,,,,,,,,,,,,,,,,,,,,,,,,,,,,,,,,,,,,,,,,,,,,,,
DSP_blk_eswap32_c,3078,3076,"1,00065",201412,3440,-loop-rotate, -scalarrepl-ssa,3076,-loop-rotate, -scalarrepl-ssa,2,,,,,,,,,,,,,,,,,,,,,,,,,,,,,,,,,,,,,,,,,,,,,,,,,,,,,,,,,,,,,,,,,,,,,,,,,,,,,,,,,,,,,,,,,,,,,,,,,,,,,,,,,,,,,,,,,,,,,,,,,,,,,,,,,,,,,,,,,,,,,,,,,,,,,,,,,,,,,,,,,,,,,,,,
DSP_blk_eswap32_c,3078,3076,"1,00065",197032,3415,-loop-rotate, -scalarrepl-ssa,3076,-loop-rotate, -scalarrepl-ssa,2,,,,,,,,,,,,,,,,,,,,,,,,,,,,,,,,,,,,,,,,,,,,,,,,,,,,,,,,,,,,,,,,,,,,,,,,,,,,,,,,,,,,,,,,,,,,,,,,,,,,,,,,,,,,,,,,,,,,,,,,,,,,,,,,,,,,,,,,,,,,,,,,,,,,,,,,,,,,,,,,,,,,,,,,
DSP_blk_eswap64_c,2800,2798,"1,000715",204663,3451,-scalarrepl-ssa, -loop-rotate,2798,-scalarrepl-ssa, -loop-rotate,2,,,,,,,,,,,,,,,,,,,,,,,,,,,,,,,,,,,,,,,,,,,,,,,,,,,,,,,,,,,,,,,,,,,,,,,,,,,,,,,,,,,,,,,,,,,,,,,,,,,,,,,,,,,,,,,,,,,,,,,,,,,,,,,,,,,,,,,,,,,,,,,,,,,,,,,,,,,,,,,,,,,,,,,,
DSP_blk_eswap64_c,2800,2798,"1,000715",206256,3461,-loop-rotate, -scalarrepl-ssa,2798,-loop-rotate, -scalarrepl-ssa,2,,,,,,,,,,,,,,,,,,,,,,,,,,,,,,,,,,,,,,,,,,,,,,,,,,,,,,,,,,,,,,,,,,,,,,,,,,,,,,,,,,,,,,,,,,,,,,,,,,,,,,,,,,,,,,,,,,,,,,,,,,,,,,,,,,,,,,,,,,,,,,,,,,,,,,,,,,,,,,,,,,,,,,,,
DSP_blk_eswap64_c,2800,2798,"1,000715",228305,3814,-loop-rotate, -scalarrepl-ssa,2798,-loop-rotate, -scalarrepl-ssa,2,,,,,,,,,,,,,,,,,,,,,,,,,,,,,,,,,,,,,,,,,,,,,,,,,,,,,,,,,,,,,,,,,,,,,,,,,,,,,,,,,,,,,,,,,,,,,,,,,,,,,,,,,,,,,,,,,,,,,,,,,,,,,,,,,,,,,,,,,,,,,,,,,,,,,,,,,,,,,,,,,,,,,,,,
DSP_blk_move_c,907,902,"1,005543",341703,5394,-instcombine, -scalarrepl-ssa, -jump-threading, -loop-rotate, -instcombine,902,-instcombine, -scalarrepl-ssa, -jump-threading, -loop-rotate, -instcombine,5,,,,,,,,,,,,,,,,,,,,,,,,,,,,,,,,,,,,,,,,,,,,,,,,,,,,,,,,,,,,,,,,,,,,,,,,,,,,,,,,,,,,,,,,,,,,,,,,,,,,,,,,,,,,,,,,,,,,,,,,,,,,,,,,,,,,,,,,,,,,,,,,,,,,,,,,,,,,,,,,,,
DSP_blk_move_c,907,898,"1,010022",296622,4857,-instcombine, -scalarrepl, -loop-rotate, -indvars,898,-instcombine, -scalarrepl, -loop-rotate, -indvars,4,,,,,,,,,,,,,,,,,,,,,,,,,,,,,,,,,,,,,,,,,,,,,,,,,,,,,,,,,,,,,,,,,,,,,,,,,,,,,,,,,,,,,,,,,,,,,,,,,,,,,,,,,,,,,,,,,,,,,,,,,,,,,,,,,,,,,,,,,,,,,,,,,,,,,,,,,,,,,,,,,,,,
DSP_blk_move_c,907,898,"1,010022",345391,5516,-loop-rotate, -instcombine, -scalarrepl, -indvars,898,-loop-rotate, -instcombine, -scalarrepl, -indvars,4,,,,,,,,,,,,,,,,,,,,,,,,,,,,,,,,,,,,,,,,,,,,,,,,,,,,,,,,,,,,,,,,,,,,,,,,,,,,,,,,,,,,,,,,,,,,,,,,,,,,,,,,,,,,,,,,,,,,,,,,,,,,,,,,,,,,,,,,,,,,,,,,,,,,,,,,,,,,,,,,,,,,
DSP_dotprod_c,827,827,1,251899,4402,-scalarrepl-ssa, -loop-rotate, -indvars,827,-scalarrepl-ssa, -loop-rotate, -indvars,3,,,,,,,,,,,,,,,,,,,,,,,,,,,,,,,,,,,,,,,,,,,,,,,,,,,,,,,,,,,,,,,,,,,,,,,,,,,,,,,,,,,,,,,,,,,,,,,,,,,,,,,,,,,,,,,,,,,,,,,,,,,,,,,,,,,,,,,,,,,,,,,,,,,,,,,,,,,,,,,,,,,,,,
DSP_dotprod_c,827,827,1,242450,4227,-scalarrepl-ssa, -loop-rotate, -indvars,827,-scalarrepl-ssa, -loop-rotate, -indvars,3,,,,,,,,,,,,,,,,,,,,,,,,,,,,,,,,,,,,,,,,,,,,,,,,,,,,,,,,,,,,,,,,,,,,,,,,,,,,,,,,,,,,,,,,,,,,,,,,,,,,,,,,,,,,,,,,,,,,,,,,,,,,,,,,,,,,,,,,,,,,,,,,,,,,,,,,,,,,,,,,,,,,,,
DSP_dotprod_c,827,827,1,264107,4632,-scalarrepl-ssa, -loop-rotate, -indvars,827,-scalarrepl-ssa, -loop-rotate, -indvars,3,,,,,,,,,,,,,,,,,,,,,,,,,,,,,,,,,,,,,,,,,,,,,,,,,,,,,,,,,,,,,,,,,,,,,,,,,,,,,,,,,,,,,,,,,,,,,,,,,,,,,,,,,,,,,,,,,,,,,,,,,,,,,,,,,,,,,,,,,,,,,,,,,,,,,,,,,,,,,,,,,,,,,,
DSP_dotp_sqr_c,2906,2906,1,331347,5388,-scalarrepl, -loop-rotate, -gvn, -indvars,2906,-scalarrepl, -loop-rotate, -gvn, -indvars,4,,,,,,,,,,,,,,,,,,,,,,,,,,,,,,,,,,,,,,,,,,,,,,,,,,,,,,,,,,,,,,,,,,,,,,,,,,,,,,,,,,,,,,,,,,,,,,,,,,,,,,,,,,,,,,,,,,,,,,,,,,,,,,,,,,,,,,,,,,,,,,,,,,,,,,,,,,,,,,,,,,,,
DSP_dotp_sqr_c,2906,2906,1,318448,5383,-loop-rotate, -scalarrepl-ssa, -indvars, -gvn,2906,-loop-rotate, -scalarrepl-ssa, -indvars, -gvn,4,,,,,,,,,,,,,,,,,,,,,,,,,,,,,,,,,,,,,,,,,,,,,,,,,,,,,,,,,,,,,,,,,,,,,,,,,,,,,,,,,,,,,,,,,,,,,,,,,,,,,,,,,,,,,,,,,,,,,,,,,,,,,,,,,,,,,,,,,,,,,,,,,,,,,,,,,,,,,,,,,,,,
DSP_dotp_sqr_c,2906,2906,1,260238,4457,-loop-rotate, -scalarrepl, -gvn, -indvars,2906,-loop-rotate, -scalarrepl, -gvn, -indvars,4,,,,,,,,,,,,,,,,,,,,,,,,,,,,,,,,,,,,,,,,,,,,,,,,,,,,,,,,,,,,,,,,,,,,,,,,,,,,,,,,,,,,,,,,,,,,,,,,,,,,,,,,,,,,,,,,,,,,,,,,,,,,,,,,,,,,,,,,,,,,,,,,,,,,,,,,,,,,,,,,,,,,
DSP_fir_cplx_c,8509,8132,"1,04636",462782,6126,-scalarrepl-ssa, -instcombine, -early-cse, -loop-rotate, -loop-unswitch, -structurizecfg, -reassociate, -jump-threading,8132,-inline, -bdce, -mergefunc, -tailcallelim, -adce, -scalarrepl-ssa, -instsimplify, -sink, -domtree, -instcombine, -ipsccp, -adce, -early-cse, -mergefunc, -loop-rotate, -scalar-evolution, -scoped-noalias, -lower-expect, -loop-unswitch, -slp-vectorizer, -sccp, -structurizecfg, -slp-vectorizer, -deadargelim, -reassociate, -bdce, -basicaa, -jump-threading, -sink, -constprop,30,,,,,,,,,,,,,,,,,,,,,,,,,,,,,,,,,,,,,,,,,,,,,,,,,,,,,,,,,,,,,,,,,,,,,,,,,,,,,,,,,,,,,,,,,,,,,,,,,,,,,,,,,,,,,,,,,,,,,,,,,,,,,,,,,,,,,,
DSP_fir_cplx_c,8509,8258,"1,030395",390230,5875,-scalarrepl, -early-cse, -reassociate, -loop-rotate, -loop-unswitch, -codegenprepare,8258,-scalarrepl, -early-cse, -reassociate, -loop-rotate, -loop-unswitch, -codegenprepare, -scalarrepl-ssa,7,,,,,,,,,,,,,,,,,,,,,,,,,,,,,,,,,,,,,,,,,,,,,,,,,,,,,,,,,,,,,,,,,,,,,,,,,,,,,,,,,,,,,,,,,,,,,,,,,,,,,,,,,,,,,,,,,,,,,,,,,,,,,,,,,,,,,,,,,,,,,,,,,,,,,,,,,,,,,,,
DSP_fir_cplx_c,8509,8277,"1,028029",388265,5797,-scalarrepl-ssa, -licm, -gvn, -loop-unswitch, -loop-rotate, -instcombine,8277,-scalarrepl-ssa, -licm, -gvn, -loop-unswitch, -loop-rotate, -instcombine, -basiccg,7,,,,,,,,,,,,,,,,,,,,,,,,,,,,,,,,,,,,,,,,,,,,,,,,,,,,,,,,,,,,,,,,,,,,,,,,,,,,,,,,,,,,,,,,,,,,,,,,,,,,,,,,,,,,,,,,,,,,,,,,,,,,,,,,,,,,,,,,,,,,,,,,,,,,,,,,,,,,,,,
DSP_firlms2_c,831,820,"1,013415",286254,4260,-scalarrepl, -loop-reduce, -loop-rotate,820,-scalarrepl, -loop-reduce, -loop-rotate,3,,,,,,,,,,,,,,,,,,,,,,,,,,,,,,,,,,,,,,,,,,,,,,,,,,,,,,,,,,,,,,,,,,,,,,,,,,,,,,,,,,,,,,,,,,,,,,,,,,,,,,,,,,,,,,,,,,,,,,,,,,,,,,,,,,,,,,,,,,,,,,,,,,,,,,,,,,,,,,,,,,,,,,
DSP_firlms2_c,831,821,"1,01218",232310,3619,-loop-rotate, -scalarrepl-ssa,821,-loop-rotate, -scalarrepl-ssa,2,,,,,,,,,,,,,,,,,,,,,,,,,,,,,,,,,,,,,,,,,,,,,,,,,,,,,,,,,,,,,,,,,,,,,,,,,,,,,,,,,,,,,,,,,,,,,,,,,,,,,,,,,,,,,,,,,,,,,,,,,,,,,,,,,,,,,,,,,,,,,,,,,,,,,,,,,,,,,,,,,,,,,,,,
DSP_firlms2_c,831,820,"1,013415",311255,4632,-scalarrepl, -loop-reduce, -loop-rotate,820,-scalarrepl, -loop-reduce, -loop-rotate,3,,,,,,,,,,,,,,,,,,,,,,,,,,,,,,,,,,,,,,,,,,,,,,,,,,,,,,,,,,,,,,,,,,,,,,,,,,,,,,,,,,,,,,,,,,,,,,,,,,,,,,,,,,,,,,,,,,,,,,,,,,,,,,,,,,,,,,,,,,,,,,,,,,,,,,,,,,,,,,,,,,,,,,
DSP_fltoq15_c,1015,967,"1,049638",265228,4246,-jump-threading, -scalarrepl-ssa, -loop-rotate,967,-jump-threading, -scalarrepl-ssa, -loop-rotate,3,,,,,,,,,,,,,,,,,,,,,,,,,,,,,,,,,,,,,,,,,,,,,,,,,,,,,,,,,,,,,,,,,,,,,,,,,,,,,,,,,,,,,,,,,,,,,,,,,,,,,,,,,,,,,,,,,,,,,,,,,,,,,,,,,,,,,,,,,,,,,,,,,,,,,,,,,,,,,,,,,,,,,,
DSP_fltoq15_c,1015,967,"1,049638",241311,4046,-jump-threading, -mem2reg, -loop-rotate,967,-jump-threading, -mem2reg, -loop-rotate,3,,,,,,,,,,,,,,,,,,,,,,,,,,,,,,,,,,,,,,,,,,,,,,,,,,,,,,,,,,,,,,,,,,,,,,,,,,,,,,,,,,,,,,,,,,,,,,,,,,,,,,,,,,,,,,,,,,,,,,,,,,,,,,,,,,,,,,,,,,,,,,,,,,,,,,,,,,,,,,,,,,,,,,
DSP_fltoq15_c,1015,967,"1,049638",286795,4633,-scalarrepl-ssa, -loop-rotate, -jump-threading,967,-scalarrepl-ssa, -loop-rotate, -jump-threading,3,,,,,,,,,,,,,,,,,,,,,,,,,,,,,,,,,,,,,,,,,,,,,,,,,,,,,,,,,,,,,,,,,,,,,,,,,,,,,,,,,,,,,,,,,,,,,,,,,,,,,,,,,,,,,,,,,,,,,,,,,,,,,,,,,,,,,,,,,,,,,,,,,,,,,,,,,,,,,,,,,,,,,,
DSP_mat_mul_c,53236,45286,"1,175551",709264,6151,-jump-threading, -scalarrepl-ssa, -loop-rotate, -reg2mem, -loop-unswitch, -licm, -loop-rotate, -reg2mem, -licm, -loop-rotate, -instcombine, -reg2mem, -ipsccp, -licm, -loop-unswitch, -loop-rotate, -reg2mem, -licm, -loop-rotate, -reg2mem, -licm, -loop-rotate, -basicaa, -jump-threading, -scalarrepl-ssa, -loop-unswitch, -lazy-value-info, -loop-unswitch, -ipconstprop, -loop-unswitch, -instcombine, -loop-rotate, -loop-reduce,45286,-reassociate, -dse, -jump-threading, -scalarrepl-ssa, -loop-rotate, -dce, -reg2mem, -basicaa, -correlated-propagation, -mergereturn, -mergereturn, -divergence, -loop-unswitch, -loop-rotate, -licm, -loop-rotate, -loop-idiom, -loop-rotate, -dce, -reg2mem, -basicaa, -correlated-propagation, -mergereturn, -mergereturn, -divergence, -loop-unswitch, -loop-rotate, -licm, -loop-rotate, -loop-idiom, -basicaa, -die, -die, -basiccg, -instcombine, -tti, -reassociate, -dse, -globaldce, -loop-rotate, -dce, -reg2mem, -basicaa, -correlated-propagation, -mergereturn, -tailcallelim, -mergereturn, -loop-simplify, -loop-unswitch, -ipsccp, -loop-unswitch, -inline, -licm, -loop-rotate, -loop-idiom, -basicaa, -loop-rotate, -lcssa, -ipsccp, -loop-unswitch, -inline, -licm, -loop-rotate, -loop-idiom, -basicaa, -mergereturn, -die, -basiccg, -instcombine, -loop-rotate, -dce, -reg2mem, -basicaa, -correlated-propagation, -mergereturn, -loop-unswitch, -inline, -licm, -loop-rotate, -dce, -reg2mem, -basicaa, -correlated-propagation, -mergereturn, -tailcallelim, -mergereturn, -loop-simplify, -loop-unswitch, -loop-rotate, -scalar-evolution, -lcssa, -ipsccp, -loop-unswitch, -inline, -inline, -licm, -loop-rotate, -loop-idiom, -basicaa, -memcpyopt, -mergereturn, -die, -basiccg, -instcombine, -dse, -jump-threading, -scalarrepl-ssa, -scalarrepl-ssa, -loop-rotate, -tailcallelim, -mergereturn, -loop-simplify, -loop-unswitch, -lazy-value-info, -loop-unswitch, -lazy-value-info, -scalar-evolution, -ipconstprop, -lcssa, -float2int, -loop-unswitch, -loops, -scalarrepl-ssa, -instcombine, -loops, -loop-rotate, -loop-reduce,127,,,,,,,,,,,,
DSP_mat_mul_c,53236,49716,"1,070802",661700,6126,-scalarrepl-ssa, -licm, -loop-reduce, -loop-rotate, -loop-reduce, -lower-expect, -loop-unswitch, -loop-unswitch,49716,-scalarrepl-ssa, -lowerbitsets, -licm, -loops, -lower-expect, -loop-reduce, -loop-rotate, -loop-reduce, -lower-expect, -loop-unswitch, -loop-unswitch, -tailcallelim,12,,,,,,,,,,,,,,,,,,,,,,,,,,,,,,,,,,,,,,,,,,,,,,,,,,,,,,,,,,,,,,,,,,,,,,,,,,,,,,,,,,,,,,,,,,,,,,,,,,,,,,,,,,,,,,,,,,,,,,,,,,,,,,,,,,,,,,,,,,,,,,,,,,,,,,,,
DSP_mat_mul_c,53236,39261,"1,355951",17183032,6156,-scalarrepl-ssa, -loop-reduce, -loop-rotate, -loop-unswitch, -loop-unswitch, -ipconstprop, -loop-extract, -sink, -inline, -jump-threading, -loop-rotate, -loop-unswitch, -ipconstprop, -loop-extract, -sink, -inline, -loop-rotate, -loop-extract, -inline, -loop-reduce, -loop-rotate, -loop-extract, -inline, -loop-rotate, -loop-extract, -sink, -inline, -loop-reduce, -loop-rotate, -loop-extract, -sink, -loop-rotate, -loop-extract, -inline, -globalopt, -licm, -loop-unswitch, -loop-unswitch, -globalopt, -loop-unswitch, -loop-unswitch, -instcombine, -gvn, -loop-unswitch, -loop-unswitch, -ipconstprop, -functionattrs, -loop-extract,39295,-scalarrepl-ssa, -mergereturn, -loop-idiom, -loop-idiom, -mergereturn, -lower-expect, -lowerswitch, -loop-reduce, -strip-dead-prototypes, -jump-threading, -loop-rotate, -sccp, -aa-eval, -loop-unswitch, -ipconstprop, -loop-unswitch, -ipconstprop, -loop-extract, -sink, -tailcallelim, -inline, -jump-threading, -loop-rotate, -sccp, -aa-eval, -loop-unswitch, -ipconstprop, -loop-unswitch, -ipconstprop, -loop-extract, -sink, -tailcallelim, -inline, -memcpyopt, -lowerswitch, -constprop, -basicaa, -loop-rotate, -loop-extract, -sink, -adce, -tailcallelim, -inline, -memcpyopt, -scalarrepl, -loop-reduce, -basicaa, -loop-rotate, -ipconstprop, -loop-extract, -loop-extract, -sink, -tailcallelim, -inline, -memcpyopt, -lowerswitch, -constprop, -basicaa, -loop-rotate, -loop-extract, -sink, -tailcallelim, -inline, -memcpyopt, -scalarrepl, -loop-reduce, -basicaa, -loop-rotate, -loop-extract, -sink, -constprop, -scalarrepl-ssa, -loop-rotate, -loop-extract, -sink, -tailcallelim, -inline, -memcpyopt, -lowerswitch, -instcombine, -globalopt, -licm, -aa-eval, -gvn, -loop-unswitch, -basicaa, -loop-unswitch, -ipconstprop, -instcombine, -globalopt, -loop-unswitch, -basicaa, -loop-unswitch, -ipconstprop, -instcombine, -globalopt, -licm, -aa-eval, -gvn, -loop-unswitch, -basicaa, -loop-unswitch, -ipconstprop, -loop-rotate, -ipconstprop, -dse, -loop-rotate, -sink, -ipconstprop, -ipconstprop, -dse, -globaldce, -functionattrs, -constprop, -constprop, -basicaa, -loop-rotate, -loop-extract, -sink, -tailcallelim, -scalarrepl-ssa,121,,,
DSP_mat_trans_c,14152,8413,"1,682159",2469830,6154,-scalarrepl, -loop-rotate, -loop-unswitch, -jump-threading, -loop-extract, -loop-reduce, -loop-rotate, -loop-unswitch, -strip-dead-prototypes, -loop-extract, -ipsccp, -inline, -loop-reduce, -loop-rotate, -loop-unswitch, -loop-extract, -ipsccp, -inline, -loop-reduce, -loop-rotate, -loop-unswitch, -loop-extract, -inline, -loop-reduce, -loop-rotate, -loop-unswitch, -loop-extract, -inline, -licm, -loop-extract, -inline, -loop-reduce, -loop-rotate, -loop-unswitch, -loop-extract, -inline, -loop-reduce, -loop-rotate, -loop-unswitch, -loop-extract, -inline, -loop-reduce, -loop-rotate, -loop-unswitch, -loop-extract, -inline, -loop-reduce, -inline, -loop-reduce, -loop-rotate, -loop-unswitch, -loop-extract, -inline, -loop-reduce, -strip-dead-prototypes, -codegenprepare, -loop-rotate, -loop-unswitch, -ipsccp,8428,-always-inline, -jump-threading, -scalarrepl, -strip-dead-prototypes, -codegenprepare, -loop-rotate, -loop-unswitch, -loop-simplify, -scalarrepl, -strip-dead-prototypes, -loops, -strip-dead-prototypes, -mldst-motion, -jump-threading, -strip-dead-prototypes, -licm, -loop-accesses, -loop-extract, -memdep, -constprop, -lazy-value-info, -inline, -loop-reduce, -loop-extract, -ipsccp, -codegenprepare, -loop-rotate, -loop-unswitch, -strip-dead-prototypes, -licm, -loop-accesses, -loop-extract, -ipsccp, -constprop, -lazy-value-info, -inline, -loop-reduce, -loop-rotate, -loop-unswitch, -loop-extract, -ipsccp, -constprop, -lazy-value-info, -inline, -loop-reduce, -loop-rotate, -loop-unswitch, -loop-extract, -ipsccp, -inline, -loop-reduce, -loop-rotate, -loop-unswitch, -loop-extract, -ipsccp, -constprop, -lazy-value-info, -inline, -strip-dead-prototypes, -licm, -loop-accesses, -loop-extract, -ipsccp, -constprop, -lazy-value-info, -inline, -loop-reduce, -loop-rotate, -loop-unswitch, -loop-extract, -ipsccp, -constprop, -scalarrepl-ssa, -inline, -loop-reduce, -loop-rotate, -loop-unswitch, -loop-extract, -scalarrepl-ssa, -constprop, -ipsccp, -constprop, -lazy-value-info, -inline, -loop-reduce, -loop-rotate, -loop-unswitch, -loop-extract, -ipsccp, -constprop, -lazy-value-info, -inline, -loop-reduce, -inline, -loop-reduce, -loop-rotate, -loop-unswitch, -loop-extract, -ipsccp, -constprop, -lazy-value-info, -inline, -loop-reduce, -scalarrepl-ssa, -strip-dead-prototypes, -codegenprepare, -loop-rotate, -loop-unswitch, -dse, -tailcallelim, -ipsccp, -strip-dead-prototypes, -memdep,113
DSP_mat_trans_c,14152,8390,"1,68677",4067291,6149,-jump-threading, -scalarrepl, -strip-dead-prototypes, -sccp, -loop-reduce, -loop-rotate, -loop-extract, -loop-instsimplify, -loop-unswitch, -loop-extract, -inline, -jump-threading, -strip-dead-prototypes, -loop-reduce, -sccp, -loop-reduce, -loop-extract, -inline, -jump-threading, -loop-unswitch, -indvars, -loop-rotate, -early-cse,8390,-loop-instsimplify, -loops, -deadargelim, -basicaa, -loop-unroll, -lowerinvoke, -sccp, -instsimplify, -loop-unswitch, -loweratomic, -lcssa, -indvars, -structurizecfg, -jump-threading, -memdep, -functionattrs, -scalarrepl, -mergereturn, -reassociate, -strip-dead-prototypes, -sccp, -loop-reduce, -tbaa, -loop-rotate, -loops, -loop-extract, -loop-instsimplify, -loop-unswitch, -tbaa, -tbaa, -loop-rotate, -loops, -loop-extract, -loop-instsimplify, -loop-unswitch, -tbaa, -globalopt, -loop-rotate, -inline, -targetlibinfo, -tailcallelim, -jump-threading, -memdep, -constmerge, -dse, -memdep, -always-inline, -functionattrs, -scalarrepl, -mergereturn, -strip-dead-prototypes, -sccp, -loop-reduce, -sccp, -mergereturn, -reassociate, -strip-dead-prototypes, -sccp, -loop-reduce, -tbaa, -loop-rotate, -loops, -loop-extract, -loop-instsimplify, -loop-unswitch, -tbaa, -loops, -loop-extract, -indvars, -tailcallelim, -globalopt, -loop-rotate, -inline, -targetlibinfo, -tailcallelim, -jump-threading, -memdep, -loop-unswitch, -loop-unswitch, -lcssa, -indvars, -tailcallelim, -globalopt, -loop-rotate, -inline, -targetlibinfo, -tailcallelim, -jump-threading, -memdep, -constmerge, -dse, -scalarrepl, -prune-eh, -scalar-evolution, -loop-instsimplify, -prune-eh, -early-cse,97,,,,,,,,,,,,,,,,,,,,,,,,,,,,,,,,,,,,,,,,,,,,,,,,,,,,
DSP_mat_trans_c,14152,11835,"1,195775",676651,6147,-loop-rotate, -licm, -loop-reduce, -mergefunc, -loop-extract, -loop-reduce, -gvn, -constmerge, -loop-rotate, -loop-unswitch, -loop-extract, -loop-reduce, -ipsccp, -loop-rotate, -loop-unswitch, -loop-extract, -ipsccp, -licm, -loop-reduce, -inline, -loop-rotate, -loop-unswitch, -scalarrepl, -instsimplify, -loop-extract, -argpromotion, -loop-reduce, -inline, -loop-rotate, -loop-unswitch, -basicaa, -inline, -loop-extract,11835,-loop-idiom, -loop-unroll, -lowerinvoke, -loop-rotate, -lower-expect, -targetlibinfo, -adce, -loweratomic, -basicaa, -mergereturn, -dse, -codegenprepare, -deadargelim, -licm, -lowerinvoke, -adce, -dce, -loop-reduce, -ipsccp, -mergefunc, -instsimplify, -loop-extract, -indvars, -ipsccp, -instsimplify, -die, -scalarrepl, -argpromotion, -lowerinvoke, -adce, -dce, -loop-reduce, -ipsccp, -mergefunc, -mergefunc, -scalarrepl-ssa, -gvn, -constmerge, -loop-instsimplify, -loop-rotate, -licm, -constprop, -tailcallelim, -tailcallelim, -loop-unswitch, -die, -scalarrepl, -objc-arc, -instsimplify, -loop-extract, -indvars, -ipsccp, -instsimplify, -scalarrepl, -argpromotion, -lowerinvoke, -adce, -dce, -loop-reduce, -ipsccp, -lower-expect, -inline, -loop-rotate, -tailcallelim, -tailcallelim, -loop-unswitch, -die, -scalarrepl, -argpromotion, -instsimplify, -loop-extract, -indvars, -ipsccp, -loop-idiom, -scalarrepl, -argpromotion, -lowerinvoke, -adce, -scalarrepl-ssa, -gvn, -licm, -targetlibinfo, -loop-reduce, -inline, -loop-rotate, -gvn, -loop-rotate, -tailcallelim, -scalar-evolution, -loop-unswitch, -sccp, -ipsccp, -scalarrepl, -argpromotion, -instsimplify, -loop-extract, -indvars, -argpromotion, -lowerinvoke, -adce, -scalarrepl-ssa, -gvn, -licm, -targetlibinfo, -loop-reduce, -inline, -loop-rotate, -gvn, -loop-rotate, -tailcallelim, -scalar-evolution, -loop-unswitch, -sccp, -ipsccp, -scalarrepl, -basicaa, -ipconstprop, -loop-unroll, -inline, -gvn, -bb-vectorize, -loop-unswitch, -loop-extract, -early-cse,124,,,,,,,,,,,,,,,
DSP_maxidx_c,1666,1097,"1,518687",191473,3490,-loop-rotate, -scalarrepl-ssa,1097,-loop-rotate, -scalarrepl-ssa,2,,,,,,,,,,,,,,,,,,,,,,,,,,,,,,,,,,,,,,,,,,,,,,,,,,,,,,,,,,,,,,,,,,,,,,,,,,,,,,,,,,,,,,,,,,,,,,,,,,,,,,,,,,,,,,,,,,,,,,,,,,,,,,,,,,,,,,,,,,,,,,,,,,,,,,,,,,,,,,,,,,,,,,,,
DSP_maxidx_c,1666,1097,"1,518687",202402,3706,-scalarrepl, -loop-rotate,1097,-scalarrepl, -loop-rotate,2,,,,,,,,,,,,,,,,,,,,,,,,,,,,,,,,,,,,,,,,,,,,,,,,,,,,,,,,,,,,,,,,,,,,,,,,,,,,,,,,,,,,,,,,,,,,,,,,,,,,,,,,,,,,,,,,,,,,,,,,,,,,,,,,,,,,,,,,,,,,,,,,,,,,,,,,,,,,,,,,,,,,,,,,
DSP_maxidx_c,1666,1097,"1,518687",219595,3994,-scalarrepl, -loop-rotate,1097,-scalarrepl, -loop-rotate,2,,,,,,,,,,,,,,,,,,,,,,,,,,,,,,,,,,,,,,,,,,,,,,,,,,,,,,,,,,,,,,,,,,,,,,,,,,,,,,,,,,,,,,,,,,,,,,,,,,,,,,,,,,,,,,,,,,,,,,,,,,,,,,,,,,,,,,,,,,,,,,,,,,,,,,,,,,,,,,,,,,,,,,,,
DSP_maxval_c,1280,1082,"1,182994",227591,3648,-scalarrepl-ssa, -loop-rotate,1082,-scalarrepl-ssa, -loop-rotate,2,,,,,,,,,,,,,,,,,,,,,,,,,,,,,,,,,,,,,,,,,,,,,,,,,,,,,,,,,,,,,,,,,,,,,,,,,,,,,,,,,,,,,,,,,,,,,,,,,,,,,,,,,,,,,,,,,,,,,,,,,,,,,,,,,,,,,,,,,,,,,,,,,,,,,,,,,,,,,,,,,,,,,,,,
DSP_maxval_c,1280,1082,"1,182994",196607,3607,-scalarrepl-ssa, -loop-rotate,1082,-scalarrepl-ssa, -loop-rotate,2,,,,,,,,,,,,,,,,,,,,,,,,,,,,,,,,,,,,,,,,,,,,,,,,,,,,,,,,,,,,,,,,,,,,,,,,,,,,,,,,,,,,,,,,,,,,,,,,,,,,,,,,,,,,,,,,,,,,,,,,,,,,,,,,,,,,,,,,,,,,,,,,,,,,,,,,,,,,,,,,,,,,,,,,
DSP_maxval_c,1280,1082,"1,182994",202438,3710,-loop-rotate, -scalarrepl,1082,-loop-rotate, -scalarrepl,2,,,,,,,,,,,,,,,,,,,,,,,,,,,,,,,,,,,,,,,,,,,,,,,,,,,,,,,,,,,,,,,,,,,,,,,,,,,,,,,,,,,,,,,,,,,,,,,,,,,,,,,,,,,,,,,,,,,,,,,,,,,,,,,,,,,,,,,,,,,,,,,,,,,,,,,,,,,,,,,,,,,,,,,,
DSP_minerror_c,25844,25834,"1,000387",403727,5285,-scalarrepl, -loop-reduce, -loop-rotate, -loop-unroll, -indvars,25834,-scalarrepl, -loop-reduce, -loop-rotate, -loop-unroll, -indvars,5,,,,,,,,,,,,,,,,,,,,,,,,,,,,,,,,,,,,,,,,,,,,,,,,,,,,,,,,,,,,,,,,,,,,,,,,,,,,,,,,,,,,,,,,,,,,,,,,,,,,,,,,,,,,,,,,,,,,,,,,,,,,,,,,,,,,,,,,,,,,,,,,,,,,,,,,,,,,,,,,,,
DSP_minerror_c,25844,25834,"1,000387",448852,5669,-scalarrepl, -loop-rotate, -loop-reduce, -indvars, -loop-unroll,25834,-scalarrepl, -loop-rotate, -loop-reduce, -indvars, -loop-unroll,5,,,,,,,,,,,,,,,,,,,,,,,,,,,,,,,,,,,,,,,,,,,,,,,,,,,,,,,,,,,,,,,,,,,,,,,,,,,,,,,,,,,,,,,,,,,,,,,,,,,,,,,,,,,,,,,,,,,,,,,,,,,,,,,,,,,,,,,,,,,,,,,,,,,,,,,,,,,,,,,,,,
DSP_minerror_c,25844,25834,"1,000387",447213,5748,-scalarrepl-ssa, -loop-rotate, -indvars, -loop-reduce, -loop-unroll,25834,-scalarrepl-ssa, -loop-rotate, -indvars, -loop-reduce, -loop-unroll,5,,,,,,,,,,,,,,,,,,,,,,,,,,,,,,,,,,,,,,,,,,,,,,,,,,,,,,,,,,,,,,,,,,,,,,,,,,,,,,,,,,,,,,,,,,,,,,,,,,,,,,,,,,,,,,,,,,,,,,,,,,,,,,,,,,,,,,,,,,,,,,,,,,,,,,,,,,,,,,,,,,
DSP_minval_c,1285,1079,"1,190918",274991,4711,-loop-rotate, -scalarrepl-ssa, -indvars,1079,-loop-rotate, -scalarrepl-ssa, -indvars,3,,,,,,,,,,,,,,,,,,,,,,,,,,,,,,,,,,,,,,,,,,,,,,,,,,,,,,,,,,,,,,,,,,,,,,,,,,,,,,,,,,,,,,,,,,,,,,,,,,,,,,,,,,,,,,,,,,,,,,,,,,,,,,,,,,,,,,,,,,,,,,,,,,,,,,,,,,,,,,,,,,,,,,
DSP_minval_c,1285,1079,"1,190918",250591,4471,-loop-rotate, -scalarrepl-ssa, -indvars,1079,-loop-rotate, -scalarrepl-ssa, -indvars,3,,,,,,,,,,,,,,,,,,,,,,,,,,,,,,,,,,,,,,,,,,,,,,,,,,,,,,,,,,,,,,,,,,,,,,,,,,,,,,,,,,,,,,,,,,,,,,,,,,,,,,,,,,,,,,,,,,,,,,,,,,,,,,,,,,,,,,,,,,,,,,,,,,,,,,,,,,,,,,,,,,,,,,
DSP_minval_c,1285,1079,"1,190918",236719,4212,-loop-rotate, -scalarrepl, -indvars,1079,-loop-rotate, -scalarrepl, -indvars,3,,,,,,,,,,,,,,,,,,,,,,,,,,,,,,,,,,,,,,,,,,,,,,,,,,,,,,,,,,,,,,,,,,,,,,,,,,,,,,,,,,,,,,,,,,,,,,,,,,,,,,,,,,,,,,,,,,,,,,,,,,,,,,,,,,,,,,,,,,,,,,,,,,,,,,,,,,,,,,,,,,,,,,
DSP_mul32_c,10567,10567,1,301683,4517,-scalarrepl-ssa, -loop-rotate, -indvars,10567,-scalarrepl-ssa, -loop-rotate, -indvars,3,,,,,,,,,,,,,,,,,,,,,,,,,,,,,,,,,,,,,,,,,,,,,,,,,,,,,,,,,,,,,,,,,,,,,,,,,,,,,,,,,,,,,,,,,,,,,,,,,,,,,,,,,,,,,,,,,,,,,,,,,,,,,,,,,,,,,,,,,,,,,,,,,,,,,,,,,,,,,,,,,,,,,,
DSP_mul32_c,10567,10567,1,315753,4679,-loop-rotate, -scalarrepl, -indvars,10567,-loop-rotate, -scalarrepl, -indvars,3,,,,,,,,,,,,,,,,,,,,,,,,,,,,,,,,,,,,,,,,,,,,,,,,,,,,,,,,,,,,,,,,,,,,,,,,,,,,,,,,,,,,,,,,,,,,,,,,,,,,,,,,,,,,,,,,,,,,,,,,,,,,,,,,,,,,,,,,,,,,,,,,,,,,,,,,,,,,,,,,,,,,,,
DSP_mul32_c,10567,10567,1,297715,4458,-scalarrepl-ssa, -loop-rotate, -indvars,10567,-scalarrepl-ssa, -loop-rotate, -indvars,3,,,,,,,,,,,,,,,,,,,,,,,,,,,,,,,,,,,,,,,,,,,,,,,,,,,,,,,,,,,,,,,,,,,,,,,,,,,,,,,,,,,,,,,,,,,,,,,,,,,,,,,,,,,,,,,,,,,,,,,,,,,,,,,,,,,,,,,,,,,,,,,,,,,,,,,,,,,,,,,,,,,,,,
DSP_neg32_c,17,17,1,200956,3454,-inline, -scalarrepl,17,-inline, -scalarrepl,2,,,,,,,,,,,,,,,,,,,,,,,,,,,,,,,,,,,,,,,,,,,,,,,,,,,,,,,,,,,,,,,,,,,,,,,,,,,,,,,,,,,,,,,,,,,,,,,,,,,,,,,,,,,,,,,,,,,,,,,,,,,,,,,,,,,,,,,,,,,,,,,,,,,,,,,,,,,,,,,,,,,,,,,,
DSP_neg32_c,17,17,1,190426,3267,-scalarrepl, -inline,17,-scalarrepl, -inline,2,,,,,,,,,,,,,,,,,,,,,,,,,,,,,,,,,,,,,,,,,,,,,,,,,,,,,,,,,,,,,,,,,,,,,,,,,,,,,,,,,,,,,,,,,,,,,,,,,,,,,,,,,,,,,,,,,,,,,,,,,,,,,,,,,,,,,,,,,,,,,,,,,,,,,,,,,,,,,,,,,,,,,,,,
DSP_neg32_c,17,17,1,203688,3451,-inline, -scalarrepl,17,-inline, -scalarrepl,2,,,,,,,,,,,,,,,,,,,,,,,,,,,,,,,,,,,,,,,,,,,,,,,,,,,,,,,,,,,,,,,,,,,,,,,,,,,,,,,,,,,,,,,,,,,,,,,,,,,,,,,,,,,,,,,,,,,,,,,,,,,,,,,,,,,,,,,,,,,,,,,,,,,,,,,,,,,,,,,,,,,,,,,,
DSP_q15tofl_c,676,676,1,290266,5026,-mem2reg, -loop-rotate, -indvars, -instcombine,676,-mem2reg, -loop-rotate, -indvars, -instcombine,4,,,,,,,,,,,,,,,,,,,,,,,,,,,,,,,,,,,,,,,,,,,,,,,,,,,,,,,,,,,,,,,,,,,,,,,,,,,,,,,,,,,,,,,,,,,,,,,,,,,,,,,,,,,,,,,,,,,,,,,,,,,,,,,,,,,,,,,,,,,,,,,,,,,,,,,,,,,,,,,,,,,,
DSP_q15tofl_c,676,648,"1,04321",338334,5846,-scalarrepl-ssa, -loop-rotate, -reg2mem, -instcombine, -jump-threading, -scalarrepl,648,-scalarrepl-ssa, -loop-rotate, -reg2mem, -instcombine, -jump-threading, -scalarrepl,6,,,,,,,,,,,,,,,,,,,,,,,,,,,,,,,,,,,,,,,,,,,,,,,,,,,,,,,,,,,,,,,,,,,,,,,,,,,,,,,,,,,,,,,,,,,,,,,,,,,,,,,,,,,,,,,,,,,,,,,,,,,,,,,,,,,,,,,,,,,,,,,,,,,,,,,,,,,,,,,,
DSP_q15tofl_c,676,676,1,313853,5328,-loop-rotate, -mem2reg, -indvars, -instcombine,676,-loop-rotate, -mem2reg, -indvars, -instcombine,4,,,,,,,,,,,,,,,,,,,,,,,,,,,,,,,,,,,,,,,,,,,,,,,,,,,,,,,,,,,,,,,,,,,,,,,,,,,,,,,,,,,,,,,,,,,,,,,,,,,,,,,,,,,,,,,,,,,,,,,,,,,,,,,,,,,,,,,,,,,,,,,,,,,,,,,,,,,,,,,,,,,,
DSP_vecsumsq_c,3888,3887,"1,000257",201757,3566,-scalarrepl, -loop-rotate,3887,-scalarrepl, -loop-rotate,2,,,,,,,,,,,,,,,,,,,,,,,,,,,,,,,,,,,,,,,,,,,,,,,,,,,,,,,,,,,,,,,,,,,,,,,,,,,,,,,,,,,,,,,,,,,,,,,,,,,,,,,,,,,,,,,,,,,,,,,,,,,,,,,,,,,,,,,,,,,,,,,,,,,,,,,,,,,,,,,,,,,,,,,,
DSP_vecsumsq_c,3888,3884,"1,00103",363134,5967,-loop-rotate, -codegenprepare, -globalopt, -scalarrepl, -indvars, -instsimplify, -reg2mem, -loop-rotate, -scalarrepl-ssa,3884,-constmerge, -loop-rotate, -codegenprepare, -globalopt, -scalarrepl, -indvars, -instsimplify, -reg2mem, -loop-rotate, -scalarrepl-ssa, -licm,11,,,,,,,,,,,,,,,,,,,,,,,,,,,,,,,,,,,,,,,,,,,,,,,,,,,,,,,,,,,,,,,,,,,,,,,,,,,,,,,,,,,,,,,,,,,,,,,,,,,,,,,,,,,,,,,,,,,,,,,,,,,,,,,,,,,,,,,,,,,,,,,,,,,,,,,,
DSP_vecsumsq_c,3888,3887,"1,000257",240514,4172,-scalarrepl, -loop-rotate,3887,-scalarrepl, -loop-rotate,2,,,,,,,,,,,,,,,,,,,,,,,,,,,,,,,,,,,,,,,,,,,,,,,,,,,,,,,,,,,,,,,,,,,,,,,,,,,,,,,,,,,,,,,,,,,,,,,,,,,,,,,,,,,,,,,,,,,,,,,,,,,,,,,,,,,,,,,,,,,,,,,,,,,,,,,,,,,,,,,,,,,,,,,,
DSP_w_vec_c,6190,6190,1,273759,4412,-loop-rotate, -scalarrepl, -indvars,6190,-loop-rotate, -scalarrepl, -indvars,3,,,,,,,,,,,,,,,,,,,,,,,,,,,,,,,,,,,,,,,,,,,,,,,,,,,,,,,,,,,,,,,,,,,,,,,,,,,,,,,,,,,,,,,,,,,,,,,,,,,,,,,,,,,,,,,,,,,,,,,,,,,,,,,,,,,,,,,,,,,,,,,,,,,,,,,,,,,,,,,,,,,,,,
DSP_w_vec_c,6190,6190,1,250102,4108,-scalarrepl-ssa, -loop-rotate, -indvars,6190,-scalarrepl-ssa, -loop-rotate, -indvars,3,,,,,,,,,,,,,,,,,,,,,,,,,,,,,,,,,,,,,,,,,,,,,,,,,,,,,,,,,,,,,,,,,,,,,,,,,,,,,,,,,,,,,,,,,,,,,,,,,,,,,,,,,,,,,,,,,,,,,,,,,,,,,,,,,,,,,,,,,,,,,,,,,,,,,,,,,,,,,,,,,,,,,,
DSP_w_vec_c,6190,6190,1,292372,4635,-loop-rotate, -scalarrepl, -indvars,6190,-loop-rotate, -scalarrepl, -indvars,3,,,,,,,,,,,,,,,,,,,,,,,,,,,,,,,,,,,,,,,,,,,,,,,,,,,,,,,,,,,,,,,,,,,,,,,,,,,,,,,,,,,,,,,,,,,,,,,,,,,,,,,,,,,,,,,,,,,,,,,,,,,,,,,,,,,,,,,,,,,,,,,,,,,,,,,,,,,,,,,,,,,,,,
IMG_boundary_c,9320,9308,"1,001289",651461,5912,-scalarrepl, -loop-rotate, -loop-unswitch, -structurizecfg, -licm, -simplifycfg,9308,-scalarrepl, -loop-rotate, -loop-unswitch, -structurizecfg, -licm, -simplifycfg,6,,,,,,,,,,,,,,,,,,,,,,,,,,,,,,,,,,,,,,,,,,,,,,,,,,,,,,,,,,,,,,,,,,,,,,,,,,,,,,,,,,,,,,,,,,,,,,,,,,,,,,,,,,,,,,,,,,,,,,,,,,,,,,,,,,,,,,,,,,,,,,,,,,,,,,,,,,,,,,,,
IMG_boundary_c,9320,9318,"1,000215",541427,6010,-scalarrepl, -loop-rotate, -loop-unswitch, -codegenprepare, -tailcallelim, -licm, -loop-deletion,9318,-scalarrepl, -lowerinvoke, -loop-rotate, -loop-unswitch, -codegenprepare, -instcombine, -tailcallelim, -licm, -memdep, -loop-deletion,10,,,,,,,,,,,,,,,,,,,,,,,,,,,,,,,,,,,,,,,,,,,,,,,,,,,,,,,,,,,,,,,,,,,,,,,,,,,,,,,,,,,,,,,,,,,,,,,,,,,,,,,,,,,,,,,,,,,,,,,,,,,,,,,,,,,,,,,,,,,,,,,,,,,,,,,,,,,
IMG_boundary_c,9320,9318,"1,000215",455290,5777,-scalarrepl, -loop-rotate, -loop-unswitch, -simplifycfg, -loop-deletion, -licm,9318,-scalarrepl, -loop-rotate, -loop-unswitch, -simplifycfg, -loop-deletion, -licm,6,,,,,,,,,,,,,,,,,,,,,,,,,,,,,,,,,,,,,,,,,,,,,,,,,,,,,,,,,,,,,,,,,,,,,,,,,,,,,,,,,,,,,,,,,,,,,,,,,,,,,,,,,,,,,,,,,,,,,,,,,,,,,,,,,,,,,,,,,,,,,,,,,,,,,,,,,,,,,,,,
IMG_conv_3x3_c,25269,24501,"1,031346",504199,6070,-loop-rotate, -scalarrepl, -loop-unroll, -gvn,24501,-loop-rotate, -scalarrepl, -loop-unroll, -gvn, -domtree,5,,,,,,,,,,,,,,,,,,,,,,,,,,,,,,,,,,,,,,,,,,,,,,,,,,,,,,,,,,,,,,,,,,,,,,,,,,,,,,,,,,,,,,,,,,,,,,,,,,,,,,,,,,,,,,,,,,,,,,,,,,,,,,,,,,,,,,,,,,,,,,,,,,,,,,,,,,,,,,,,,,,
IMG_conv_3x3_c,25269,24750,"1,02097",387702,5093,-scalarrepl-ssa, -loop-rotate, -loop-unroll, -jump-threading,24750,-scalarrepl-ssa, -loop-rotate, -loop-unroll, -jump-threading,4,,,,,,,,,,,,,,,,,,,,,,,,,,,,,,,,,,,,,,,,,,,,,,,,,,,,,,,,,,,,,,,,,,,,,,,,,,,,,,,,,,,,,,,,,,,,,,,,,,,,,,,,,,,,,,,,,,,,,,,,,,,,,,,,,,,,,,,,,,,,,,,,,,,,,,,,,,,,,,,,,,,,
IMG_conv_3x3_c,25269,24500,"1,031388",483003,5951,-loop-rotate, -mem2reg, -loop-reduce, -loop-unroll, -gvn,24500,-strip-dead-prototypes, -loop-rotate, -mem2reg, -loop-reduce, -loop-unroll, -gvn, -targetlibinfo,7,,,,,,,,,,,,,,,,,,,,,,,,,,,,,,,,,,,,,,,,,,,,,,,,,,,,,,,,,,,,,,,,,,,,,,,,,,,,,,,,,,,,,,,,,,,,,,,,,,,,,,,,,,,,,,,,,,,,,,,,,,,,,,,,,,,,,,,,,,,,,,,,,,,,,,,,,,,,,,,,
IMG_corr_gen_c,128110,74228,"1,725899",1535923,6149,-scalarrepl-ssa, -loop-reduce, -instcombine, -loop-rotate, -gvn, -loop-unswitch, -loop-extract, -simplifycfg, -partial-inliner, -loop-reduce, -instcombine, -loop-rotate, -gvn, -loop-unswitch, -loop-extract, -loop-reduce, -gvn, -ipsccp, -instcombine, -gvn, -loop-unswitch, -simplifycfg, -loop-rotate, -loop-deletion,74363,-always-inline, -globaldce, -scalarrepl-ssa, -targetlibinfo, -partial-inliner, -loop-reduce, -instcombine, -loweratomic, -loop-rotate, -targetlibinfo, -loop-reduce, -gvn, -loop-unswitch, -loop-extract, -loop-reduce, -ipsccp, -functionattrs, -targetlibinfo, -ipconstprop, -instcombine, -jump-threading, -adce, -globaldce, -simplifycfg, -adce, -scalarrepl-ssa, -always-inline, -loweratomic, -loop-rotate, -targetlibinfo, -partial-inliner, -loop-reduce, -instcombine, -loweratomic, -loop-rotate, -targetlibinfo, -loop-extract, -gvn, -loop-unswitch, -loop-extract, -loop-reduce, -gvn, -loop-unswitch, -loop-extract, -ipsccp, -ipsccp, -functionattrs, -targetlibinfo, -globalopt, -loop-reduce, -gvn, -loop-unswitch, -libcall-aa, -dce, -ipsccp, -constprop, -loop-deletion, -jump-threading, -loop-reduce, -safe-stack, -instcombine, -loop-reduce, -gvn, -loop-unswitch, -loop-extract, -ipsccp, -functionattrs, -ipsccp, -adce, -globaldce, -simplifycfg, -adce, -scalarrepl-ssa, -always-inline, -loweratomic, -loop-rotate, -loop-deletion,77,,,,,,,,,,,,,,,,,,,,,,,,,,,,,,,,,,,,,,,,,,,,,,,,,,,,,,,,,,,,,,,,,,,,,,,
IMG_corr_gen_c,128110,119585,"1,071288",855257,6115,-loop-rotate, -scalarrepl-ssa, -loop-unswitch, -loop-reduce, -instcombine, -gvn, -simplifycfg, -loop-deletion,119585,-deadargelim, -loop-simplify, -prune-eh, -loop-rotate, -globaldce, -no-aa, -scalarrepl-ssa, -loop-unswitch, -loop-instsimplify, -loop-reduce, -instcombine, -gvn, -ipconstprop, -simplifycfg, -loop-deletion, -jump-threading,16,,,,,,,,,,,,,,,,,,,,,,,,,,,,,,,,,,,,,,,,,,,,,,,,,,,,,,,,,,,,,,,,,,,,,,,,,,,,,,,,,,,,,,,,,,,,,,,,,,,,,,,,,,,,,,,,,,,,,,,,,,,,,,,,,,,,,,,,,,,,,,,,,,,,
IMG_corr_gen_c,128110,79983,"1,601715",1744656,6162,-scalarrepl, -loop-rotate, -gvn, -instcombine, -strip-dead-prototypes, -loop-reduce, -loop-rotate, -loop-unswitch, -loop-extract, -loop-reduce, -loop-rotate, -instcombine, -functionattrs, -inline, -deadargelim, -correlated-propagation, -loop-unswitch, -tailcallelim, -loop-extract, -inline,79984,-ipsccp, -sccp, -scalar-evolution, -loop-rotate, -instcombine, -domtree, -deadargelim, -loop-deletion, -prune-eh, -globalopt, -loop-simplify, -loop-instsimplify, -sccp, -scalarrepl, -inline, -memcpyopt, -simplifycfg, -partial-inliner, -always-inline, -constprop, -scalarrepl, -early-cse, -no-aa, -loop-rotate, -gvn, -early-cse, -instsimplify, -strip-dead-prototypes, -dse, -simplifycfg, -loop-instsimplify, -sccp, -scalarrepl, -inline, -loweratomic, -simplifycfg, -partial-inliner, -always-inline, -constprop, -scalarrepl, -early-cse, -loop-rotate, -die, -loop-rotate, -instcombine, -domtree, -deadargelim, -loweratomic, -tbaa, -deadargelim, -strip-dead-prototypes, -loop-reduce, -dce, -loop-rotate, -die, -correlated-propagation, -loop-unswitch, -lcssa, -loop-extract, -loop-idiom, -deadargelim, -strip-dead-prototypes, -loop-reduce, -dce, -functionattrs, -scalarrepl, -early-cse, -loop-rotate, -die, -loop-rotate, -instcombine, -domtree, -strip-dead-prototypes, -loop-reduce, -dce, -functionattrs, -scalarrepl, -early-cse, -inline, -die, -loop-rotate, -instcombine, -domtree, -deadargelim, -loop-reduce, -dce, -instsimplify, -die, -lowerinvoke, -correlated-propagation, -loop-unswitch, -lcssa, -tailcallelim, -tailcallelim, -loop-extract, -loop-idiom, -inline,97,,,,,,,,,,,,,,,,,,,,,,,,,,,,,,,,,,,,,,,,,,,,,,,,,,,,,,,
IMG_dilate_bin_c,5436,5435,"1,000184",394430,5758,-gvn, -simplifycfg, -loop-rotate, -instcombine, -basicaa, -sink,5435,-gvn, -simplifycfg, -loop-rotate, -instcombine, -basicaa, -sink,6,,,,,,,,,,,,,,,,,,,,,,,,,,,,,,,,,,,,,,,,,,,,,,,,,,,,,,,,,,,,,,,,,,,,,,,,,,,,,,,,,,,,,,,,,,,,,,,,,,,,,,,,,,,,,,,,,,,,,,,,,,,,,,,,,,,,,,,,,,,,,,,,,,,,,,,,,,,,,,,,
IMG_dilate_bin_c,5436,5435,"1,000184",405611,5919,-loop-rotate, -licm, -instsimplify, -simplifycfg, -instcombine, -scalarrepl, -basicaa,5435,-loop-rotate, -jump-threading, -licm, -instsimplify, -simplifycfg, -instcombine, -scalarrepl, -basicaa,8,,,,,,,,,,,,,,,,,,,,,,,,,,,,,,,,,,,,,,,,,,,,,,,,,,,,,,,,,,,,,,,,,,,,,,,,,,,,,,,,,,,,,,,,,,,,,,,,,,,,,,,,,,,,,,,,,,,,,,,,,,,,,,,,,,,,,,,,,,,,,,,,,,,,,,,,,,,,,
IMG_dilate_bin_c,5436,5435,"1,000184",417441,5861,-codegenprepare, -basicaa, -loop-rotate, -gvn, -simplifycfg, -instcombine, -scalarrepl,5435,-codegenprepare, -basicaa, -loop-rotate, -gvn, -simplifycfg, -globalopt, -instcombine, -scalarrepl,8,,,,,,,,,,,,,,,,,,,,,,,,,,,,,,,,,,,,,,,,,,,,,,,,,,,,,,,,,,,,,,,,,,,,,,,,,,,,,,,,,,,,,,,,,,,,,,,,,,,,,,,,,,,,,,,,,,,,,,,,,,,,,,,,,,,,,,,,,,,,,,,,,,,,,,,,,,,,,
IMG_erode_bin_c,4186,4186,1,330709,5107,-loop-instsimplify, -scalarrepl-ssa, -simplifycfg, -loop-rotate,4186,-loop-instsimplify, -scalarrepl-ssa, -simplifycfg, -loop-rotate,4,,,,,,,,,,,,,,,,,,,,,,,,,,,,,,,,,,,,,,,,,,,,,,,,,,,,,,,,,,,,,,,,,,,,,,,,,,,,,,,,,,,,,,,,,,,,,,,,,,,,,,,,,,,,,,,,,,,,,,,,,,,,,,,,,,,,,,,,,,,,,,,,,,,,,,,,,,,,,,,,,,,,
IMG_erode_bin_c,4186,4186,1,327996,5162,-loop-instsimplify, -scalarrepl, -simplifycfg, -loop-rotate,4186,-loop-instsimplify, -scalarrepl, -simplifycfg, -loop-rotate,4,,,,,,,,,,,,,,,,,,,,,,,,,,,,,,,,,,,,,,,,,,,,,,,,,,,,,,,,,,,,,,,,,,,,,,,,,,,,,,,,,,,,,,,,,,,,,,,,,,,,,,,,,,,,,,,,,,,,,,,,,,,,,,,,,,,,,,,,,,,,,,,,,,,,,,,,,,,,,,,,,,,,
IMG_erode_bin_c,4186,4186,1,305074,4832,-loop-instsimplify, -loop-rotate, -scalarrepl, -simplifycfg,4186,-loop-instsimplify, -loop-rotate, -scalarrepl, -simplifycfg,4,,,,,,,,,,,,,,,,,,,,,,,,,,,,,,,,,,,,,,,,,,,,,,,,,,,,,,,,,,,,,,,,,,,,,,,,,,,,,,,,,,,,,,,,,,,,,,,,,,,,,,,,,,,,,,,,,,,,,,,,,,,,,,,,,,,,,,,,,,,,,,,,,,,,,,,,,,,,,,,,,,,,
IMG_fdct_8x8_c,20141,16437,"1,225345",619219,6082,-early-cse, -instcombine, -argpromotion, -scalarrepl-ssa, -loop-rotate, -instcombine, -gvn, -loop-reduce, -indvars, -loop-extract, -loop-unroll,16437,-loop-deletion, -early-cse, -instcombine, -argpromotion, -scalarrepl-ssa, -loop-unroll, -loop-rotate, -lowerinvoke, -instcombine, -loop-reduce, -gvn, -tbaa, -loop-reduce, -jump-threading, -indvars, -loop-extract, -loop-extract, -loop-unroll,18,,,,,,,,,,,,,,,,,,,,,,,,,,,,,,,,,,,,,,,,,,,,,,,,,,,,,,,,,,,,,,,,,,,,,,,,,,,,,,,,,,,,,,,,,,,,,,,,,,,,,,,,,,,,,,,,,,,,,,,,,,,,,,,,,,,,,,,,,,,,,,,
IMG_fdct_8x8_c,20141,17154,"1,174128",395876,4725,-loop-rotate, -instcombine, -scalarrepl-ssa, -instcombine,17154,-loop-rotate, -instcombine, -scalarrepl-ssa, -instcombine,4,,,,,,,,,,,,,,,,,,,,,,,,,,,,,,,,,,,,,,,,,,,,,,,,,,,,,,,,,,,,,,,,,,,,,,,,,,,,,,,,,,,,,,,,,,,,,,,,,,,,,,,,,,,,,,,,,,,,,,,,,,,,,,,,,,,,,,,,,,,,,,,,,,,,,,,,,,,,,,,,,,,,
IMG_fdct_8x8_c,20141,16491,"1,221333",582875,6104,-instcombine, -simplifycfg, -scalarrepl, -loop-rotate, -instcombine, -indvars, -loop-reduce, -early-cse, -loop-reduce, -instcombine, -loop-reduce, -loop-extract, -early-cse, -loop-reduce,16491,-instcombine, -mergefunc, -scalarrepl, -simplifycfg, -loop-unroll, -scalarrepl, -early-cse, -loop-rotate, -instcombine, -indvars, -memdep, -functionattrs, -early-cse, -loop-reduce, -always-inline, -mergefunc, -scalarrepl, -loop-instsimplify, -instcombine, -instcombine, -indvars, -memcpyopt, -instcombine, -functionattrs, -early-cse, -loop-reduce, -instcombine, -functionattrs, -loop-reduce, -loop-extract, -indvars, -memdep, -functionattrs, -early-cse, -loop-reduce, -loop-instsimplify,36,,,,,,,,,,,,,,,,,,,,,,,,,,,,,,,,,,,,,,,,,,,,,,,,,,,,,,,,,,,,,,,,,,,,,,,,,,,,,,,,,,,,,,,,,,,,,,,,,,,,,,,,,,,,,,,,,,,,,,,,,,
IMG_idct_8x8_12q4_c,24268,22304,"1,088056",673666,6135,-instcombine, -scalarrepl-ssa, -loop-rotate, -instcombine, -indvars, -reassociate, -loop-reduce, -loop-reroll, -loop-reduce, -gvn, -loop-reduce, -slsr, -simplifycfg, -reassociate,22304,-strip-dead-prototypes, -loweratomic, -instcombine, -scalarrepl-ssa, -loop-unswitch, -loop-unswitch, -lower-expect, -loweratomic, -loop-rotate, -licm, -deadargelim, -loop-unroll, -loop-unswitch, -instcombine, -indvars, -memcpyopt, -reassociate, -lcssa, -mldst-motion, -tbaa, -loop-reduce, -tbaa, -lowerswitch, -scalarrepl, -loop-reroll, -loop-reduce, -ipconstprop, -gvn, -loop-reduce, -loop-unswitch, -slsr, -mergefunc, -simplifycfg, -targetlibinfo, -reassociate,35,,,,,,,,,,,,,,,,,,,,,,,,,,,,,,,,,,,,,,,,,,,,,,,,,,,,,,,,,,,,,,,,,,,,,,,,,,,,,,,,,,,,,,,,,,,,,,,,,,,,,,,,,,,,,,,,,,,,,,,,,,,
IMG_idct_8x8_12q4_c,24268,21872,"1,109546",651849,6097,-early-cse, -scalarrepl-ssa, -loop-rotate, -indvars, -loop-reduce, -instcombine, -loop-reduce,21872,-early-cse, -scalarrepl-ssa, -indvars, -loop-rotate, -indvars, -lcssa, -loop-reduce, -instcombine, -loop-reduce, -indvars, -loop-instsimplify, -loop-unroll,12,,,,,,,,,,,,,,,,,,,,,,,,,,,,,,,,,,,,,,,,,,,,,,,,,,,,,,,,,,,,,,,,,,,,,,,,,,,,,,,,,,,,,,,,,,,,,,,,,,,,,,,,,,,,,,,,,,,,,,,,,,,,,,,,,,,,,,,,,,,,,,,,,,,,,,,,,
IMG_idct_8x8_12q4_c,24268,22342,"1,086205",749459,6150,-reassociate, -basicaa, -loop-rotate, -licm, -lowerinvoke, -codegenprepare, -scalarrepl, -instcombine, -early-cse, -instcombine, -reassociate, -loop-reduce, -indvars, -loop-reduce,22342,-memdep, -lowerswitch, -no-aa, -lowerinvoke, -basiccg, -loop-unroll, -codegenprepare, -reassociate, -domtree, -lower-expect, -loop-reduce, -constprop, -constprop, -partial-inliner, -prune-eh, -basicaa, -basiccg, -dse, -loop-rotate, -lowerswitch, -loop-unroll, -licm, -lowerinvoke, -codegenprepare, -scalarrepl, -tbaa, -jump-threading, -loweratomic, -strip-dead-prototypes, -lowerswitch, -no-aa, -bounds-checking, -instcombine, -branch-prob, -scalarrepl, -scalarrepl-ssa, -mergereturn, -mergereturn, -early-cse, -lowerswitch, -no-aa, -instcombine, -loop-unroll, -domfrontier, -codegenprepare, -reassociate, -domtree, -lower-expect, -loop-reduce, -constprop, -indvars, -loop-unswitch, -deadargelim, -mergereturn, -scalarrepl, -dse, -lazy-value-info, -loop-unroll, -globaldce, -basiccg, -domtree, -lower-expect, -loop-reduce, -constprop, -indvars, -loop-rotate, -loop-instsimplify, -objc-arc-aa, -loop-unroll, -instcombine,70,,,,,,,,,,,,,,,,,,,,,,,,,,,,,,,,,,,,,,,,,,,,,,,,,,,,,,,,,,,,,,,,,,,,,,,,,,,,,,,,,,,,,,,,
IMG_mad_8x8_c,10132,9848,"1,028838",546449,6145,-scalarrepl-ssa, -instcombine, -reassociate, -loop-reduce, -loop-rotate, -indvars, -mergereturn, -loop-unswitch, -loop-unroll, -codegenprepare, -deadargelim, -loop-unroll,9848,-loweratomic, -licm, -sink, -scalarrepl-ssa, -sink, -scalarrepl-ssa, -instcombine, -functionattrs, -argpromotion, -lcssa, -reassociate, -domtree, -constprop, -loop-instsimplify, -loop-reduce, -loweratomic, -loop-rotate, -early-cse, -indvars, -loweratomic, -mergereturn, -loweratomic, -loop-unswitch, -loop-unroll, -basicaa, -deadargelim, -codegenprepare, -deadargelim, -loop-unroll,29,,,,,,,,,,,,,,,,,,,,,,,,,,,,,,,,,,,,,,,,,,,,,,,,,,,,,,,,,,,,,,,,,,,,,,,,,,,,,,,,,,,,,,,,,,,,,,,,,,,,,,,,,,,,,,,,,,,,,,,,,,,,,,,,,,,
IMG_mad_8x8_c,10132,9847,"1,028943",526734,6144,-scalarrepl, -loop-reduce, -reassociate, -loop-rotate, -instcombine, -loop-unroll, -jump-threading, -loop-reduce, -loop-unswitch, -strip-dead-prototypes, -indvars,9847,-scalarrepl, -loop-reduce, -tbaa, -reassociate, -loop-unroll, -loop-rotate, -instcombine, -dce, -loop-unroll, -strip-dead-prototypes, -loop-instsimplify, -jump-threading, -loop-reduce, -tbaa, -lower-expect, -loop-unswitch, -strip-dead-prototypes, -die, -indvars, -lcssa, -scev-aa, -loweratomic,22,,,,,,,,,,,,,,,,,,,,,,,,,,,,,,,,,,,,,,,,,,,,,,,,,,,,,,,,,,,,,,,,,,,,,,,,,,,,,,,,,,,,,,,,,,,,,,,,,,,,,,,,,,,,,,,,,,,,,,,,,,,,,,,,,,,,,,,,,,,
IMG_mad_8x8_c,10132,9852,"1,028421",472388,6079,-scalarrepl-ssa, -indvars, -loop-unswitch, -loop-rotate, -loop-reduce, -reassociate, -instcombine, -loop-deletion, -loop-unroll,9852,-ipconstprop, -scalarrepl-ssa, -indvars, -loop-unswitch, -loop-rotate, -no-aa, -loop-reduce, -basicaa, -loop-simplify, -reassociate, -scalarrepl-ssa, -instcombine, -loop-deletion, -loop-unroll, -dse,15,,,,,,,,,,,,,,,,,,,,,,,,,,,,,,,,,,,,,,,,,,,,,,,,,,,,,,,,,,,,,,,,,,,,,,,,,,,,,,,,,,,,,,,,,,,,,,,,,,,,,,,,,,,,,,,,,,,,,,,,,,,,,,,,,,,,,,,,,,,,,,,,,,,,
IMG_median_3x3_c,35291,30278,"1,165566",269863,3584,-loop-rotate, -scalarrepl,30278,-loop-rotate, -scalarrepl,2,,,,,,,,,,,,,,,,,,,,,,,,,,,,,,,,,,,,,,,,,,,,,,,,,,,,,,,,,,,,,,,,,,,,,,,,,,,,,,,,,,,,,,,,,,,,,,,,,,,,,,,,,,,,,,,,,,,,,,,,,,,,,,,,,,,,,,,,,,,,,,,,,,,,,,,,,,,,,,,,,,,,,,,,
IMG_median_3x3_c,35291,30278,"1,165566",287615,3835,-loop-rotate, -scalarrepl,30278,-loop-rotate, -scalarrepl,2,,,,,,,,,,,,,,,,,,,,,,,,,,,,,,,,,,,,,,,,,,,,,,,,,,,,,,,,,,,,,,,,,,,,,,,,,,,,,,,,,,,,,,,,,,,,,,,,,,,,,,,,,,,,,,,,,,,,,,,,,,,,,,,,,,,,,,,,,,,,,,,,,,,,,,,,,,,,,,,,,,,,,,,,
IMG_median_3x3_c,35291,30278,"1,165566",296533,3790,-loop-rotate, -scalarrepl,30278,-loop-rotate, -scalarrepl,2,,,,,,,,,,,,,,,,,,,,,,,,,,,,,,,,,,,,,,,,,,,,,,,,,,,,,,,,,,,,,,,,,,,,,,,,,,,,,,,,,,,,,,,,,,,,,,,,,,,,,,,,,,,,,,,,,,,,,,,,,,,,,,,,,,,,,,,,,,,,,,,,,,,,,,,,,,,,,,,,,,,,,,,,
IMG_perimeter_c,40037,27144,"1,474985",437389,5316,-loop-rotate, -licm, -gvn, -basicaa,27144,-loop-rotate, -licm, -gvn, -basicaa,4,,,,,,,,,,,,,,,,,,,,,,,,,,,,,,,,,,,,,,,,,,,,,,,,,,,,,,,,,,,,,,,,,,,,,,,,,,,,,,,,,,,,,,,,,,,,,,,,,,,,,,,,,,,,,,,,,,,,,,,,,,,,,,,,,,,,,,,,,,,,,,,,,,,,,,,,,,,,,,,,,,,,
IMG_perimeter_c,40037,26415,"1,515692",504683,5819,-basicaa, -early-cse, -loop-rotate, -licm, -gvn,26415,-basicaa, -early-cse, -loop-rotate, -licm, -gvn,5,,,,,,,,,,,,,,,,,,,,,,,,,,,,,,,,,,,,,,,,,,,,,,,,,,,,,,,,,,,,,,,,,,,,,,,,,,,,,,,,,,,,,,,,,,,,,,,,,,,,,,,,,,,,,,,,,,,,,,,,,,,,,,,,,,,,,,,,,,,,,,,,,,,,,,,,,,,,,,,,,,
IMG_perimeter_c,40037,28270,"1,416236",458516,5641,-extract-blocks, -inline, -scalarrepl, -simplifycfg,28270,-scalarrepl, -extract-blocks, -inline, -scalarrepl, -simplifycfg,5,,,,,,,,,,,,,,,,,,,,,,,,,,,,,,,,,,,,,,,,,,,,,,,,,,,,,,,,,,,,,,,,,,,,,,,,,,,,,,,,,,,,,,,,,,,,,,,,,,,,,,,,,,,,,,,,,,,,,,,,,,,,,,,,,,,,,,,,,,,,,,,,,,,,,,,,,,,,,,,,,,,
IMG_pix_expand_c,12323,11306,"1,089952",241036,3389,-loop-rotate, -scalarrepl,11306,-loop-rotate, -scalarrepl,2,,,,,,,,,,,,,,,,,,,,,,,,,,,,,,,,,,,,,,,,,,,,,,,,,,,,,,,,,,,,,,,,,,,,,,,,,,,,,,,,,,,,,,,,,,,,,,,,,,,,,,,,,,,,,,,,,,,,,,,,,,,,,,,,,,,,,,,,,,,,,,,,,,,,,,,,,,,,,,,,,,,,,,,,
IMG_pix_expand_c,12323,11306,"1,089952",245074,3466,-loop-rotate, -scalarrepl,11306,-loop-rotate, -scalarrepl,2,,,,,,,,,,,,,,,,,,,,,,,,,,,,,,,,,,,,,,,,,,,,,,,,,,,,,,,,,,,,,,,,,,,,,,,,,,,,,,,,,,,,,,,,,,,,,,,,,,,,,,,,,,,,,,,,,,,,,,,,,,,,,,,,,,,,,,,,,,,,,,,,,,,,,,,,,,,,,,,,,,,,,,,,
IMG_pix_expand_c,12323,11306,"1,089952",259076,3640,-loop-rotate, -scalarrepl,11306,-loop-rotate, -scalarrepl,2,,,,,,,,,,,,,,,,,,,,,,,,,,,,,,,,,,,,,,,,,,,,,,,,,,,,,,,,,,,,,,,,,,,,,,,,,,,,,,,,,,,,,,,,,,,,,,,,,,,,,,,,,,,,,,,,,,,,,,,,,,,,,,,,,,,,,,,,,,,,,,,,,,,,,,,,,,,,,,,,,,,,,,,,
IMG_pix_sat_c,22589,21567,"1,047387",277866,3660,-loop-rotate, -scalarrepl,21567,-loop-rotate, -scalarrepl,2,,,,,,,,,,,,,,,,,,,,,,,,,,,,,,,,,,,,,,,,,,,,,,,,,,,,,,,,,,,,,,,,,,,,,,,,,,,,,,,,,,,,,,,,,,,,,,,,,,,,,,,,,,,,,,,,,,,,,,,,,,,,,,,,,,,,,,,,,,,,,,,,,,,,,,,,,,,,,,,,,,,,,,,,
IMG_pix_sat_c,22589,21567,"1,047387",252813,3365,-loop-rotate, -sroa,21567,-loop-rotate, -sroa,1,,,,,,,,,,,,,,,,,,,,,,,,,,,,,,,,,,,,,,,,,,,,,,,,,,,,,,,,,,,,,,,,,,,,,,,,,,,,,,,,,,,,,,,,,,,,,,,,,,,,,,,,,,,,,,,,,,,,,,,,,,,,,,,,,,,,,,,,,,,,,,,,,,,,,,,,,,,,,,,,,,,,,,,,
IMG_pix_sat_c,22589,21567,"1,047387",271271,3590,-loop-rotate, -scalarrepl-ssa,21567,-loop-rotate, -scalarrepl-ssa,2,,,,,,,,,,,,,,,,,,,,,,,,,,,,,,,,,,,,,,,,,,,,,,,,,,,,,,,,,,,,,,,,,,,,,,,,,,,,,,,,,,,,,,,,,,,,,,,,,,,,,,,,,,,,,,,,,,,,,,,,,,,,,,,,,,,,,,,,,,,,,,,,,,,,,,,,,,,,,,,,,,,,,,,,
IMG_quantize_c,2008,2008,1,357727,5720,-loop-rotate, -scalarrepl, -instcombine, -early-cse, -indvars,2008,-loop-rotate, -scalarrepl, -instcombine, -early-cse, -indvars, -basiccg,6,,,,,,,,,,,,,,,,,,,,,,,,,,,,,,,,,,,,,,,,,,,,,,,,,,,,,,,,,,,,,,,,,,,,,,,,,,,,,,,,,,,,,,,,,,,,,,,,,,,,,,,,,,,,,,,,,,,,,,,,,,,,,,,,,,,,,,,,,,,,,,,,,,,,,,,,,,,,,,,,,
IMG_quantize_c,2008,2008,1,336318,5447,-loop-rotate, -scalarrepl, -instcombine, -early-cse, -indvars,2008,-loop-rotate, -scalarrepl, -instcombine, -early-cse, -indvars,5,,,,,,,,,,,,,,,,,,,,,,,,,,,,,,,,,,,,,,,,,,,,,,,,,,,,,,,,,,,,,,,,,,,,,,,,,,,,,,,,,,,,,,,,,,,,,,,,,,,,,,,,,,,,,,,,,,,,,,,,,,,,,,,,,,,,,,,,,,,,,,,,,,,,,,,,,,,,,,,,,,
IMG_quantize_c,2008,2008,1,359948,5806,-loop-rotate, -instcombine, -scalarrepl-ssa, -early-cse, -indvars,2008,-loop-rotate, -instcombine, -scalarrepl-ssa, -early-cse, -indvars,5,,,,,,,,,,,,,,,,,,,,,,,,,,,,,,,,,,,,,,,,,,,,,,,,,,,,,,,,,,,,,,,,,,,,,,,,,,,,,,,,,,,,,,,,,,,,,,,,,,,,,,,,,,,,,,,,,,,,,,,,,,,,,,,,,,,,,,,,,,,,,,,,,,,,,,,,,,,,,,,,,,
IMG_sad_16x16_c,4643,3043,"1,525797",415204,6026,-scalarrepl-ssa, -loop-rotate, -loop-reduce, -reassociate, -loop-unroll, -instcombine,3043,-scalarrepl-ssa, -loop-rotate, -loop-reduce, -reassociate, -loop-unroll, -instcombine,6,,,,,,,,,,,,,,,,,,,,,,,,,,,,,,,,,,,,,,,,,,,,,,,,,,,,,,,,,,,,,,,,,,,,,,,,,,,,,,,,,,,,,,,,,,,,,,,,,,,,,,,,,,,,,,,,,,,,,,,,,,,,,,,,,,,,,,,,,,,,,,,,,,,,,,,,,,,,,,,,
IMG_sad_16x16_c,4643,3041,"1,5268",452386,6128,-scalarrepl, -loop-rotate, -indvars, -loop-reduce, -reassociate, -loop-unroll, -loop-reduce, -instcombine,3041,-loop-unroll, -scalarrepl, -loop-rotate, -loop-simplify, -indvars, -loop-reduce, -early-cse, -reassociate, -loop-unroll, -loop-reduce, -domtree, -loop-idiom, -instcombine, -scalar-evolution, -adce,15,,,,,,,,,,,,,,,,,,,,,,,,,,,,,,,,,,,,,,,,,,,,,,,,,,,,,,,,,,,,,,,,,,,,,,,,,,,,,,,,,,,,,,,,,,,,,,,,,,,,,,,,,,,,,,,,,,,,,,,,,,,,,,,,,,,,,,,,,,,,,,,,,,,,,
IMG_sad_16x16_c,4643,3039,"1,527805",432054,6117,-scalarrepl-ssa, -loop-reduce, -loop-rotate, -reassociate, -loop-unroll, -codegenprepare, -constmerge, -instcombine,3039,-scalarrepl-ssa, -scalarrepl-ssa, -indvars, -loop-reduce, -scalarrepl-ssa, -loop-rotate, -dse, -reassociate, -lower-expect, -loop-unroll, -codegenprepare, -constmerge, -instcombine, -loops, -globalopt,15,,,,,,,,,,,,,,,,,,,,,,,,,,,,,,,,,,,,,,,,,,,,,,,,,,,,,,,,,,,,,,,,,,,,,,,,,,,,,,,,,,,,,,,,,,,,,,,,,,,,,,,,,,,,,,,,,,,,,,,,,,,,,,,,,,,,,,,,,,,,,,,,,,,,,
IMG_sad_8x8_c,878,877,"1,00114",445168,6147,-scalarrepl-ssa, -loop-reduce, -dse, -loop-reduce, -constmerge, -codegenprepare, -loop-rotate, -reassociate, -instcombine, -loop-unroll,877,-constprop, -early-cse, -targetlibinfo, -scalarrepl-ssa, -dse, -loop-reduce, -jump-threading, -constprop, -constprop, -dse, -loop-reduce, -always-inline, -constmerge, -codegenprepare, -loop-rotate, -scalar-evolution, -reassociate, -loop-instsimplify, -lower-expect, -instcombine, -globalopt, -dse, -loop-unroll, -loop-unswitch, -constmerge,25,,,,,,,,,,,,,,,,,,,,,,,,,,,,,,,,,,,,,,,,,,,,,,,,,,,,,,,,,,,,,,,,,,,,,,,,,,,,,,,,,,,,,,,,,,,,,,,,,,,,,,,,,,,,,,,,,,,,,,,,,,,,,,,,,,,,,,,,,
IMG_sad_8x8_c,878,870,"1,009195",428213,6135,-licm, -basicaa, -reg2mem, -instcombine, -scalarrepl, -loop-rotate, -indvars, -loop-unroll,870,-loop-vectorize, -licm, -reassociate, -dce, -jump-threading, -no-aa, -basicaa, -reg2mem, -instcombine, -loop-instsimplify, -scalarrepl, -loop-rotate, -lazy-value-info, -functionattrs, -indvars, -loop-unroll, -loop-idiom,17,,,,,,,,,,,,,,,,,,,,,,,,,,,,,,,,,,,,,,,,,,,,,,,,,,,,,,,,,,,,,,,,,,,,,,,,,,,,,,,,,,,,,,,,,,,,,,,,,,,,,,,,,,,,,,,,,,,,,,,,,,,,,,,,,,,,,,,,,,,,,,,,,,,
IMG_sad_8x8_c,878,878,1,319963,5270,-loop-rotate, -scalarrepl, -instcombine, -reassociate, -loop-unroll,878,-loop-rotate, -scalarrepl, -instcombine, -reassociate, -loop-unroll, -branch-prob,5,,,,,,,,,,,,,,,,,,,,,,,,,,,,,,,,,,,,,,,,,,,,,,,,,,,,,,,,,,,,,,,,,,,,,,,,,,,,,,,,,,,,,,,,,,,,,,,,,,,,,,,,,,,,,,,,,,,,,,,,,,,,,,,,,,,,,,,,,,,,,,,,,,,,,,,,,,,,,,,,,
IMG_sobel_c,14187,12791,"1,109139",450483,6082,-reassociate, -reassociate, -scalarrepl, -loop-rotate, -early-cse, -loop-reduce, -early-cse, -instcombine,12791,-reassociate, -reassociate, -tailcallelim, -scalarrepl, -loop-rotate, -early-cse, -loop-reduce, -loops, -early-cse, -instcombine, -loop-unswitch,11,,,,,,,,,,,,,,,,,,,,,,,,,,,,,,,,,,,,,,,,,,,,,,,,,,,,,,,,,,,,,,,,,,,,,,,,,,,,,,,,,,,,,,,,,,,,,,,,,,,,,,,,,,,,,,,,,,,,,,,,,,,,,,,,,,,,,,,,,,,,,,,,,,,,,,,,,
IMG_sobel_c,14187,12791,"1,109139",446418,5953,-scalarrepl-ssa, -gvn, -reassociate, -reassociate, -loop-rotate, -instcombine, -loop-reduce, -gvn,12791,-scalarrepl-ssa, -gvn, -reassociate, -reassociate, -loop-rotate, -instcombine, -loop-reduce, -gvn, -loop-idiom,9,,,,,,,,,,,,,,,,,,,,,,,,,,,,,,,,,,,,,,,,,,,,,,,,,,,,,,,,,,,,,,,,,,,,,,,,,,,,,,,,,,,,,,,,,,,,,,,,,,,,,,,,,,,,,,,,,,,,,,,,,,,,,,,,,,,,,,,,,,,,,,,,,,,,,,,,,,,
IMG_sobel_c,14187,12910,"1,098916",457317,6077,-simplifycfg, -reassociate, -scalarrepl-ssa, -loop-rotate, -reassociate, -instcombine, -indvars,12910,-simplifycfg, -reassociate, -scalarrepl-ssa, -domtree, -lowerswitch, -loop-rotate, -lowerswitch, -reassociate, -instcombine, -indvars, -ipsccp,11,,,,,,,,,,,,,,,,,,,,,,,,,,,,,,,,,,,,,,,,,,,,,,,,,,,,,,,,,,,,,,,,,,,,,,,,,,,,,,,,,,,,,,,,,,,,,,,,,,,,,,,,,,,,,,,,,,,,,,,,,,,,,,,,,,,,,,,,,,,,,,,,,,,,,,,,,,
IMG_wave_horz_c,99866,99580,"1,002872",772613,6125,-loop-rotate, -gvn, -jump-threading, -indvars, -loop-unroll, -basicaa, -early-cse, -instcombine,99580,-loop-rotate, -gvn, -jump-threading, -tailcallelim, -lcssa, -indvars, -indvars, -lcssa, -jump-threading, -tailcallelim, -lcssa, -indvars, -targetlibinfo, -loop-unroll, -basicaa, -early-cse, -loop-deletion, -early-cse, -instcombine, -loop-simplify,20,,,,,,,,,,,,,,,,,,,,,,,,,,,,,,,,,,,,,,,,,,,,,,,,,,,,,,,,,,,,,,,,,,,,,,,,,,,,,,,,,,,,,,,,,,,,,,,,,,,,,,,,,,,,,,,,,,,,,,,,,,,,,,,,,,,,,,,,,,,,,,,,
IMG_wave_horz_c,99866,99454,"1,004143",768844,6140,-loop-rotate, -simplifycfg, -scalarrepl, -loop-unswitch, -instcombine, -jump-threading, -gvn, -loop-unroll, -indvars, -early-cse, -ipsccp,99454,-ipconstprop, -sccp, -loop-rotate, -inline, -simplifycfg, -lowerswitch, -loop-rotate, -simplifycfg, -lowerswitch, -basicaa, -lowerinvoke, -tailcallelim, -ipconstprop, -sink, -sccp, -loweratomic, -scalarrepl, -scalar-evolution, -no-aa, -loop-unswitch, -memdep, -sink, -sccp, -instcombine, -loop-instsimplify, -jump-threading, -gvn, -correlated-propagation, -constprop, -correlated-propagation, -constprop, -reassociate, -correlated-propagation, -indvars, -loop-unroll, -always-inline, -instcombine, -indvars, -dse, -basiccg, -loop-instsimplify, -die, -loop-rotate, -basiccg, -early-cse, -ipsccp,46,,,,,,,,,,,,,,,,,,,,,,,,,,,,,,,,,,,,,,,,,,,,,,,,,,,,,,,,,,,,,,,,,,,,,,,,,,,,,,,,,,,,,,,,,,,,,,,,,,,,,,,,,,,,,,,,,,,
IMG_wave_horz_c,99866,99471,"1,003971",684605,5821,-loop-rotate, -scalarrepl-ssa, -loop-unroll, -indvars, -instcombine,99471,-loop-rotate, -scalarrepl-ssa, -loop-unroll, -indvars, -instcombine, -loop-instsimplify,6,,,,,,,,,,,,,,,,,,,,,,,,,,,,,,,,,,,,,,,,,,,,,,,,,,,,,,,,,,,,,,,,,,,,,,,,,,,,,,,,,,,,,,,,,,,,,,,,,,,,,,,,,,,,,,,,,,,,,,,,,,,,,,,,,,,,,,,,,,,,,,,,,,,,,,,,,,,,,,,,,
IMG_wave_vert_c,5185,5164,"1,004067",362771,5624,-scalarrepl-ssa, -loop-rotate, -loop-unroll, -gvn, -jump-threading, -indvars, -early-cse,5164,-scalarrepl-ssa, -loop-rotate, -loop-unroll, -gvn, -jump-threading, -indvars, -early-cse,7,,,,,,,,,,,,,,,,,,,,,,,,,,,,,,,,,,,,,,,,,,,,,,,,,,,,,,,,,,,,,,,,,,,,,,,,,,,,,,,,,,,,,,,,,,,,,,,,,,,,,,,,,,,,,,,,,,,,,,,,,,,,,,,,,,,,,,,,,,,,,,,,,,,,,,,,,,,,,,
IMG_wave_vert_c,5185,5164,"1,004067",399220,5957,-loop-rotate, -gvn, -indvars, -basicaa, -simplifycfg, -scalarrepl, -loop-unroll, -gvn,5164,-loop-rotate, -gvn, -indvars, -basicaa, -simplifycfg, -scalarrepl, -loop-unroll, -gvn,8,,,,,,,,,,,,,,,,,,,,,,,,,,,,,,,,,,,,,,,,,,,,,,,,,,,,,,,,,,,,,,,,,,,,,,,,,,,,,,,,,,,,,,,,,,,,,,,,,,,,,,,,,,,,,,,,,,,,,,,,,,,,,,,,,,,,,,,,,,,,,,,,,,,,,,,,,,,,
IMG_wave_vert_c,5185,5164,"1,004067",412948,6038,-scalarrepl, -loop-rotate, -indvars, -loop-unroll, -instcombine, -jump-threading, -gvn,5164,-scalarrepl, -loweratomic, -loop-rotate, -indvars, -loop-unroll, -instcombine, -jump-threading, -gvn, -memdep,9,,,,,,,,,,,,,,,,,,,,,,,,,,,,,,,,,,,,,,,,,,,,,,,,,,,,,,,,,,,,,,,,,,,,,,,,,,,,,,,,,,,,,,,,,,,,,,,,,,,,,,,,,,,,,,,,,,,,,,,,,,,,,,,,,,,,,,,,,,,,,,,,,,,,,,,,,,,,
IMG_ycbcr422p_rgb565_c,5010,4404,"1,137602",357793,5550,-scalarrepl-ssa, -structurizecfg, -jump-threading, -loop-rotate, -sink,4404,-scalarrepl-ssa, -structurizecfg, -jump-threading, -loop-rotate, -sink,5,,,,,,,,,,,,,,,,,,,,,,,,,,,,,,,,,,,,,,,,,,,,,,,,,,,,,,,,,,,,,,,,,,,,,,,,,,,,,,,,,,,,,,,,,,,,,,,,,,,,,,,,,,,,,,,,,,,,,,,,,,,,,,,,,,,,,,,,,,,,,,,,,,,,,,,,,,,,,,,,,,
IMG_ycbcr422p_rgb565_c,5010,4483,"1,117555",271221,4435,-scalarrepl-ssa, -sink, -loop-rotate,4483,-scalarrepl-ssa, -sink, -loop-rotate,2,,,,,,,,,,,,,,,,,,,,,,,,,,,,,,,,,,,,,,,,,,,,,,,,,,,,,,,,,,,,,,,,,,,,,,,,,,,,,,,,,,,,,,,,,,,,,,,,,,,,,,,,,,,,,,,,,,,,,,,,,,,,,,,,,,,,,,,,,,,,,,,,,,,,,,,,,,,,,,,,,,,,,,
IMG_ycbcr422p_rgb565_c,5010,4483,"1,117555",291856,4676,-scalarrepl-ssa, -sink, -loop-rotate,4483,-scalarrepl-ssa, -sink, -loop-rotate,3,,,,,,,,,,,,,,,,,,,,,,,,,,,,,,,,,,,,,,,,,,,,,,,,,,,,,,,,,,,,,,,,,,,,,,,,,,,,,,,,,,,,,,,,,,,,,,,,,,,,,,,,,,,,,,,,,,,,,,,,,,,,,,,,,,,,,,,,,,,,,,,,,,,,,,,,,,,,,,,,,,,,,,
IMG_yc_demux_be16_c,578,578,1,226338,4122,-scalarrepl-ssa, -loop-rotate, -indvars,578,-scalarrepl-ssa, -loop-rotate, -indvars,3,,,,,,,,,,,,,,,,,,,,,,,,,,,,,,,,,,,,,,,,,,,,,,,,,,,,,,,,,,,,,,,,,,,,,,,,,,,,,,,,,,,,,,,,,,,,,,,,,,,,,,,,,,,,,,,,,,,,,,,,,,,,,,,,,,,,,,,,,,,,,,,,,,,,,,,,,,,,,,,,,,,,,,
IMG_yc_demux_be16_c,578,578,1,268240,4570,-scalarrepl-ssa, -loop-rotate, -indvars,578,-scalarrepl-ssa, -loop-rotate, -indvars,3,,,,,,,,,,,,,,,,,,,,,,,,,,,,,,,,,,,,,,,,,,,,,,,,,,,,,,,,,,,,,,,,,,,,,,,,,,,,,,,,,,,,,,,,,,,,,,,,,,,,,,,,,,,,,,,,,,,,,,,,,,,,,,,,,,,,,,,,,,,,,,,,,,,,,,,,,,,,,,,,,,,,,,
IMG_yc_demux_be16_c,578,578,1,247444,4361,-scalarrepl, -loop-rotate, -indvars,578,-scalarrepl, -loop-rotate, -indvars,3,,,,,,,,,,,,,,,,,,,,,,,,,,,,,,,,,,,,,,,,,,,,,,,,,,,,,,,,,,,,,,,,,,,,,,,,,,,,,,,,,,,,,,,,,,,,,,,,,,,,,,,,,,,,,,,,,,,,,,,,,,,,,,,,,,,,,,,,,,,,,,,,,,,,,,,,,,,,,,,,,,,,,,
IMG_yc_demux_le16_c,578,578,1,251292,4366,-scalarrepl-ssa, -loop-rotate, -indvars,578,-scalarrepl-ssa, -loop-rotate, -indvars,3,,,,,,,,,,,,,,,,,,,,,,,,,,,,,,,,,,,,,,,,,,,,,,,,,,,,,,,,,,,,,,,,,,,,,,,,,,,,,,,,,,,,,,,,,,,,,,,,,,,,,,,,,,,,,,,,,,,,,,,,,,,,,,,,,,,,,,,,,,,,,,,,,,,,,,,,,,,,,,,,,,,,,,
IMG_yc_demux_le16_c,578,578,1,255831,4460,-scalarrepl-ssa, -loop-rotate, -indvars,578,-scalarrepl-ssa, -loop-rotate, -indvars,3,,,,,,,,,,,,,,,,,,,,,,,,,,,,,,,,,,,,,,,,,,,,,,,,,,,,,,,,,,,,,,,,,,,,,,,,,,,,,,,,,,,,,,,,,,,,,,,,,,,,,,,,,,,,,,,,,,,,,,,,,,,,,,,,,,,,,,,,,,,,,,,,,,,,,,,,,,,,,,,,,,,,,,
IMG_yc_demux_le16_c,578,578,1,246487,4222,-scalarrepl, -loop-rotate, -indvars,578,-scalarrepl, -loop-rotate, -indvars,3,,,,,,,,,,,,,,,,,,,,,,,,,,,,,,,,,,,,,,,,,,,,,,,,,,,,,,,,,,,,,,,,,,,,,,,,,,,,,,,,,,,,,,,,,,,,,,,,,,,,,,,,,,,,,,,,,,,,,,,,,,,,,,,,,,,,,,,,,,,,,,,,,,,,,,,,,,,,,,,,,,,,,,
,,,,,,,,,,,,,,,,,,,,,,,,,,,,,,,,,,,,,,,,,,,,,,,,,,,,,,,,,,,,,,,,,,,,,,,,,,,,,,,,,,,,,,,,,,,,,,,,,,,,,,,,,,,,,,,,,,,,,,,,,,,,,,,,,,,,,,,,,,,,,,,,,,,,,,,,,,,,,,,,,,,,,,,,,,,,,,,,,,,
,,,,,,,,,,,,,,,,,,,,,,,,,,,,,,,,,,,,,,,,,,,,,,,,,,,,,,,,,,,,,,,,,,,,,,,,,,,,,,,,,,,,,,,,,,,,,,,,,,,,,,,,,,,,,,,,,,,,,,,,,,,,,,,,,,,,,,,,,,,,,,,,,,,,,,,,,,,,,,,,,,,,,,,,,,,,,,,,,,,
FALSO,,,,,,,,,,,,,,,,,,,,,,,,,,,,,,,,,,,,,,,,,,,,,,,,,,,,,,,,,,,,,,,,,,,,,,,,,,,,,,,,,,,,,,,,,,,,,,,,,,,,,,,,,,,,,,,,,,,,,,,,,,,,,,,,,,,,,,,,,,,,,,,,,,,,,,,,,,,,,,,,,,,,,,,,,,,,,,,,,,,
FALSO,,,,,,,,,,,,,,,,,,,,,,,,,,,,,,,,,,,,,,,,,,,,,,,,,,,,,,,,,,,,,,,,,,,,,,,,,,,,,,,,,,,,,,,,,,,,,,,,,,,,,,,,,,,,,,,,,,,,,,,,,,,,,,,,,,,,,,,,,,,,,,,,,,,,,,,,,,,,,,,,,,,,,,,,,,,,,,,,,,,
FALSO,,,,,,,,,,,,,,,,,,,,,,,,,,,,,,,,,,,,,,,,,,,,,,,,,,,,,,,,,,,,,,,,,,,,,,,,,,,,,,,,,,,,,,,,,,,,,,,,,,,,,,,,,,,,,,,,,,,,,,,,,,,,,,,,,,,,,,,,,,,,,,,,,,,,,,,,,,,,,,,,,,,,,,,,,,,,,,,,,,,
FALSO,,,,,,,,,,,,,,,,,,,,,,,,,,,,,,,,,,,,,,,,,,,,,,,,,,,,,,,,,,,,,,,,,,,,,,,,,,,,,,,,,,,,,,,,,,,,,,,,,,,,,,,,,,,,,,,,,,,,,,,,,,,,,,,,,,,,,,,,,,,,,,,,,,,,,,,,,,,,,,,,,,,,,,,,,,,,,,,,,,,
FALSO,,,,,,,,,,,,,,,,,,,,,,,,,,,,,,,,,,,,,,,,,,,,,,,,,,,,,,,,,,,,,,,,,,,,,,,,,,,,,,,,,,,,,,,,,,,,,,,,,,,,,,,,,,,,,,,,,,,,,,,,,,,,,,,,,,,,,,,,,,,,,,,,,,,,,,,,,,,,,,,,,,,,,,,,,,,,,,,,,,,
FALSO,,,,,,,,,,,,,,,,,,,,,,,,,,,,,,,,,,,,,,,,,,,,,,,,,,,,,,,,,,,,,,,,,,,,,,,,,,,,,,,,,,,,,,,,,,,,,,,,,,,,,,,,,,,,,,,,,,,,,,,,,,,,,,,,,,,,,,,,,,,,,,,,,,,,,,,,,,,,,,,,,,,,,,,,,,,,,,,,,,,
FALSO,,,,,,,,,,,,,,,,,,,,,,,,,,,,,,,,,,,,,,,,,,,,,,,,,,,,,,,,,,,,,,,,,,,,,,,,,,,,,,,,,,,,,,,,,,,,,,,,,,,,,,,,,,,,,,,,,,,,,,,,,,,,,,,,,,,,,,,,,,,,,,,,,,,,,,,,,,,,,,,,,,,,,,,,,,,,,,,,,,,
FALSO,,,,,,,,,,,,,,,,,,,,,,,,,,,,,,,,,,,,,,,,,,,,,,,,,,,,,,,,,,,,,,,,,,,,,,,,,,,,,,,,,,,,,,,,,,,,,,,,,,,,,,,,,,,,,,,,,,,,,,,,,,,,,,,,,,,,,,,,,,,,,,,,,,,,,,,,,,,,,,,,,,,,,,,,,,,,,,,,,,,
FALSO,,,,,,,,,,,,,,,,,,,,,,,,,,,,,,,,,,,,,,,,,,,,,,,,,,,,,,,,,,,,,,,,,,,,,,,,,,,,,,,,,,,,,,,,,,,,,,,,,,,,,,,,,,,,,,,,,,,,,,,,,,,,,,,,,,,,,,,,,,,,,,,,,,,,,,,,,,,,,,,,,,,,,,,,,,,,,,,,,,,
FALSO,,,,,,,,,,,,,,,,,,,,,,,,,,,,,,,,,,,,,,,,,,,,,,,,,,,,,,,,,,,,,,,,,,,,,,,,,,,,,,,,,,,,,,,,,,,,,,,,,,,,,,,,,,,,,,,,,,,,,,,,,,,,,,,,,,,,,,,,,,,,,,,,,,,,,,,,,,,,,,,,,,,,,,,,,,,,,,,,,,,
FALSO,,,,,,,,,,,,,,,,,,,,,,,,,,,,,,,,,,,,,,,,,,,,,,,,,,,,,,,,,,,,,,,,,,,,,,,,,,,,,,,,,,,,,,,,,,,,,,,,,,,,,,,,,,,,,,,,,,,,,,,,,,,,,,,,,,,,,,,,,,,,,,,,,,,,,,,,,,,,,,,,,,,,,,,,,,,,,,,,,,,
FALSO,,,,,,,,,,,,,,,,,,,,,,,,,,,,,,,,,,,,,,,,,,,,,,,,,,,,,,,,,,,,,,,,,,,,,,,,,,,,,,,,,,,,,,,,,,,,,,,,,,,,,,,,,,,,,,,,,,,,,,,,,,,,,,,,,,,,,,,,,,,,,,,,,,,,,,,,,,,,,,,,,,,,,,,,,,,,,,,,,,,
FALSO,,,,,,,,,,,,,,,,,,,,,,,,,,,,,,,,,,,,,,,,,,,,,,,,,,,,,,,,,,,,,,,,,,,,,,,,,,,,,,,,,,,,,,,,,,,,,,,,,,,,,,,,,,,,,,,,,,,,,,,,,,,,,,,,,,,,,,,,,,,,,,,,,,,,,,,,,,,,,,,,,,,,,,,,,,,,,,,,,,,
FALSO,,,,,,,,,,,,,,,,,,,,,,,,,,,,,,,,,,,,,,,,,,,,,,,,,,,,,,,,,,,,,,,,,,,,,,,,,,,,,,,,,,,,,,,,,,,,,,,,,,,,,,,,,,,,,,,,,,,,,,,,,,,,,,,,,,,,,,,,,,,,,,,,,,,,,,,,,,,,,,,,,,,,,,,,,,,,,,,,,,,
FALSO,,,,,,,,,,,,,,,,,,,,,,,,,,,,,,,,,,,,,,,,,,,,,,,,,,,,,,,,,,,,,,,,,,,,,,,,,,,,,,,,,,,,,,,,,,,,,,,,,,,,,,,,,,,,,,,,,,,,,,,,,,,,,,,,,,,,,,,,,,,,,,,,,,,,,,,,,,,,,,,,,,,,,,,,,,,,,,,,,,,
FALSO,,,,,,,,,,,,,,,,,,,,,,,,,,,,,,,,,,,,,,,,,,,,,,,,,,,,,,,,,,,,,,,,,,,,,,,,,,,,,,,,,,,,,,,,,,,,,,,,,,,,,,,,,,,,,,,,,,,,,,,,,,,,,,,,,,,,,,,,,,,,,,,,,,,,,,,,,,,,,,,,,,,,,,,,,,,,,,,,,,,
FALSO,,,,,,,,,,,,,,,,,,,,,,,,,,,,,,,,,,,,,,,,,,,,,,,,,,,,,,,,,,,,,,,,,,,,,,,,,,,,,,,,,,,,,,,,,,,,,,,,,,,,,,,,,,,,,,,,,,,,,,,,,,,,,,,,,,,,,,,,,,,,,,,,,,,,,,,,,,,,,,,,,,,,,,,,,,,,,,,,,,,
FALSO,,,,,,,,,,,,,,,,,,,,,,,,,,,,,,,,,,,,,,,,,,,,,,,,,,,,,,,,,,,,,,,,,,,,,,,,,,,,,,,,,,,,,,,,,,,,,,,,,,,,,,,,,,,,,,,,,,,,,,,,,,,,,,,,,,,,,,,,,,,,,,,,,,,,,,,,,,,,,,,,,,,,,,,,,,,,,,,,,,,
FALSO,,,,,,,,,,,,,,,,,,,,,,,,,,,,,,,,,,,,,,,,,,,,,,,,,,,,,,,,,,,,,,,,,,,,,,,,,,,,,,,,,,,,,,,,,,,,,,,,,,,,,,,,,,,,,,,,,,,,,,,,,,,,,,,,,,,,,,,,,,,,,,,,,,,,,,,,,,,,,,,,,,,,,,,,,,,,,,,,,,,
FALSO,,,,,,,,,,,,,,,,,,,,,,,,,,,,,,,,,,,,,,,,,,,,,,,,,,,,,,,,,,,,,,,,,,,,,,,,,,,,,,,,,,,,,,,,,,,,,,,,,,,,,,,,,,,,,,,,,,,,,,,,,,,,,,,,,,,,,,,,,,,,,,,,,,,,,,,,,,,,,,,,,,,,,,,,,,,,,,,,,,,
FALSO,,,,,,,,,,,,,,,,,,,,,,,,,,,,,,,,,,,,,,,,,,,,,,,,,,,,,,,,,,,,,,,,,,,,,,,,,,,,,,,,,,,,,,,,,,,,,,,,,,,,,,,,,,,,,,,,,,,,,,,,,,,,,,,,,,,,,,,,,,,,,,,,,,,,,,,,,,,,,,,,,,,,,,,,,,,,,,,,,,,
FALSO,,,,,,,,,,,,,,,,,,,,,,,,,,,,,,,,,,,,,,,,,,,,,,,,,,,,,,,,,,,,,,,,,,,,,,,,,,,,,,,,,,,,,,,,,,,,,,,,,,,,,,,,,,,,,,,,,,,,,,,,,,,,,,,,,,,,,,,,,,,,,,,,,,,,,,,,,,,,,,,,,,,,,,,,,,,,,,,,,,,
FALSO,,,,,,,,,,,,,,,,,,,,,,,,,,,,,,,,,,,,,,,,,,,,,,,,,,,,,,,,,,,,,,,,,,,,,,,,,,,,,,,,,,,,,,,,,,,,,,,,,,,,,,,,,,,,,,,,,,,,,,,,,,,,,,,,,,,,,,,,,,,,,,,,,,,,,,,,,,,,,,,,,,,,,,,,,,,,,,,,,,,
FALSO,,,,,,,,,,,,,,,,,,,,,,,,,,,,,,,,,,,,,,,,,,,,,,,,,,,,,,,,,,,,,,,,,,,,,,,,,,,,,,,,,,,,,,,,,,,,,,,,,,,,,,,,,,,,,,,,,,,,,,,,,,,,,,,,,,,,,,,,,,,,,,,,,,,,,,,,,,,,,,,,,,,,,,,,,,,,,,,,,,,
FALSO,,,,,,,,,,,,,,,,,,,,,,,,,,,,,,,,,,,,,,,,,,,,,,,,,,,,,,,,,,,,,,,,,,,,,,,,,,,,,,,,,,,,,,,,,,,,,,,,,,,,,,,,,,,,,,,,,,,,,,,,,,,,,,,,,,,,,,,,,,,,,,,,,,,,,,,,,,,,,,,,,,,,,,,,,,,,,,,,,,,
FALSO,,,,,,,,,,,,,,,,,,,,,,,,,,,,,,,,,,,,,,,,,,,,,,,,,,,,,,,,,,,,,,,,,,,,,,,,,,,,,,,,,,,,,,,,,,,,,,,,,,,,,,,,,,,,,,,,,,,,,,,,,,,,,,,,,,,,,,,,,,,,,,,,,,,,,,,,,,,,,,,,,,,,,,,,,,,,,,,,,,,
FALSO,,,,,,,,,,,,,,,,,,,,,,,,,,,,,,,,,,,,,,,,,,,,,,,,,,,,,,,,,,,,,,,,,,,,,,,,,,,,,,,,,,,,,,,,,,,,,,,,,,,,,,,,,,,,,,,,,,,,,,,,,,,,,,,,,,,,,,,,,,,,,,,,,,,,,,,,,,,,,,,,,,,,,,,,,,,,,,,,,,,
FALSO,,,,,,,,,,,,,,,,,,,,,,,,,,,,,,,,,,,,,,,,,,,,,,,,,,,,,,,,,,,,,,,,,,,,,,,,,,,,,,,,,,,,,,,,,,,,,,,,,,,,,,,,,,,,,,,,,,,,,,,,,,,,,,,,,,,,,,,,,,,,,,,,,,,,,,,,,,,,,,,,,,,,,,,,,,,,,,,,,,,
FALSO,,,,,,,,,,,,,,,,,,,,,,,,,,,,,,,,,,,,,,,,,,,,,,,,,,,,,,,,,,,,,,,,,,,,,,,,,,,,,,,,,,,,,,,,,,,,,,,,,,,,,,,,,,,,,,,,,,,,,,,,,,,,,,,,,,,,,,,,,,,,,,,,,,,,,,,,,,,,,,,,,,,,,,,,,,,,,,,,,,,
FALSO,,,,,,,,,,,,,,,,,,,,,,,,,,,,,,,,,,,,,,,,,,,,,,,,,,,,,,,,,,,,,,,,,,,,,,,,,,,,,,,,,,,,,,,,,,,,,,,,,,,,,,,,,,,,,,,,,,,,,,,,,,,,,,,,,,,,,,,,,,,,,,,,,,,,,,,,,,,,,,,,,,,,,,,,,,,,,,,,,,,
FALSO,,,,,,,,,,,,,,,,,,,,,,,,,,,,,,,,,,,,,,,,,,,,,,,,,,,,,,,,,,,,,,,,,,,,,,,,,,,,,,,,,,,,,,,,,,,,,,,,,,,,,,,,,,,,,,,,,,,,,,,,,,,,,,,,,,,,,,,,,,,,,,,,,,,,,,,,,,,,,,,,,,,,,,,,,,,,,,,,,,,
FALSO,,,,,,,,,,,,,,,,,,,,,,,,,,,,,,,,,,,,,,,,,,,,,,,,,,,,,,,,,,,,,,,,,,,,,,,,,,,,,,,,,,,,,,,,,,,,,,,,,,,,,,,,,,,,,,,,,,,,,,,,,,,,,,,,,,,,,,,,,,,,,,,,,,,,,,,,,,,,,,,,,,,,,,,,,,,,,,,,,,,
FALSO,,,,,,,,,,,,,,,,,,,,,,,,,,,,,,,,,,,,,,,,,,,,,,,,,,,,,,,,,,,,,,,,,,,,,,,,,,,,,,,,,,,,,,,,,,,,,,,,,,,,,,,,,,,,,,,,,,,,,,,,,,,,,,,,,,,,,,,,,,,,,,,,,,,,,,,,,,,,,,,,,,,,,,,,,,,,,,,,,,,
FALSO,,,,,,,,,,,,,,,,,,,,,,,,,,,,,,,,,,,,,,,,,,,,,,,,,,,,,,,,,,,,,,,,,,,,,,,,,,,,,,,,,,,,,,,,,,,,,,,,,,,,,,,,,,,,,,,,,,,,,,,,,,,,,,,,,,,,,,,,,,,,,,,,,,,,,,,,,,,,,,,,,,,,,,,,,,,,,,,,,,,
FALSO,,,,,,,,,,,,,,,,,,,,,,,,,,,,,,,,,,,,,,,,,,,,,,,,,,,,,,,,,,,,,,,,,,,,,,,,,,,,,,,,,,,,,,,,,,,,,,,,,,,,,,,,,,,,,,,,,,,,,,,,,,,,,,,,,,,,,,,,,,,,,,,,,,,,,,,,,,,,,,,,,,,,,,,,,,,,,,,,,,,
FALSO,,,,,,,,,,,,,,,,,,,,,,,,,,,,,,,,,,,,,,,,,,,,,,,,,,,,,,,,,,,,,,,,,,,,,,,,,,,,,,,,,,,,,,,,,,,,,,,,,,,,,,,,,,,,,,,,,,,,,,,,,,,,,,,,,,,,,,,,,,,,,,,,,,,,,,,,,,,,,,,,,,,,,,,,,,,,,,,,,,,
FALSO,,,,,,,,,,,,,,,,,,,,,,,,,,,,,,,,,,,,,,,,,,,,,,,,,,,,,,,,,,,,,,,,,,,,,,,,,,,,,,,,,,,,,,,,,,,,,,,,,,,,,,,,,,,,,,,,,,,,,,,,,,,,,,,,,,,,,,,,,,,,,,,,,,,,,,,,,,,,,,,,,,,,,,,,,,,,,,,,,,,
FALSO,,,,,,,,,,,,,,,,,,,,,,,,,,,,,,,,,,,,,,,,,,,,,,,,,,,,,,,,,,,,,,,,,,,,,,,,,,,,,,,,,,,,,,,,,,,,,,,,,,,,,,,,,,,,,,,,,,,,,,,,,,,,,,,,,,,,,,,,,,,,,,,,,,,,,,,,,,,,,,,,,,,,,,,,,,,,,,,,,,,
FALSO,,,,,,,,,,,,,,,,,,,,,,,,,,,,,,,,,,,,,,,,,,,,,,,,,,,,,,,,,,,,,,,,,,,,,,,,,,,,,,,,,,,,,,,,,,,,,,,,,,,,,,,,,,,,,,,,,,,,,,,,,,,,,,,,,,,,,,,,,,,,,,,,,,,,,,,,,,,,,,,,,,,,,,,,,,,,,,,,,,,
FALSO,,,,,,,,,,,,,,,,,,,,,,,,,,,,,,,,,,,,,,,,,,,,,,,,,,,,,,,,,,,,,,,,,,,,,,,,,,,,,,,,,,,,,,,,,,,,,,,,,,,,,,,,,,,,,,,,,,,,,,,,,,,,,,,,,,,,,,,,,,,,,,,,,,,,,,,,,,,,,,,,,,,,,,,,,,,,,,,,,,,
FALSO,,,,,,,,,,,,,,,,,,,,,,,,,,,,,,,,,,,,,,,,,,,,,,,,,,,,,,,,,,,,,,,,,,,,,,,,,,,,,,,,,,,,,,,,,,,,,,,,,,,,,,,,,,,,,,,,,,,,,,,,,,,,,,,,,,,,,,,,,,,,,,,,,,,,,,,,,,,,,,,,,,,,,,,,,,,,,,,,,,,
FALSO,,,,,,,,,,,,,,,,,,,,,,,,,,,,,,,,,,,,,,,,,,,,,,,,,,,,,,,,,,,,,,,,,,,,,,,,,,,,,,,,,,,,,,,,,,,,,,,,,,,,,,,,,,,,,,,,,,,,,,,,,,,,,,,,,,,,,,,,,,,,,,,,,,,,,,,,,,,,,,,,,,,,,,,,,,,,,,,,,,,
,,,,,,,,,,,,,,,,,,,,,,,,,,,,,,,,,,,,,,,,,,,,,,,,,,,,,,,,,,,,,,,,,,,,,,,,,,,,,,,,,,,,,,,,,,,,,,,,,,,,,,,,,,,,,,,,,,,,,,,,,,,,,,,,,,,,,,,,,,,,,,,,,,,,,,,,,,,,,,,,,,,,,,,,,,,,,,,,,,,
,,,,,,,,,,,,,,,,,,,,,,,,,,,,,,,,,,,,,,,,,,,,,,,,,,,,,,,,,,,,,,,,,,,,,,,,,,,,,,,,,,,,,,,,,,,,,,,,,,,,,,,,,,,,,,,,,,,,,,,,,,,,,,,,,,,,,,,,,,,,,,,,,,,,,,,,,,,,,,,,,,,,,,,,,,,,,,,,,,,
"1,0981793333","21,4816",,,,,,,,,,,,,,,,,,,,,,,,,,,,,,,,,,,,,,,,,,,,,,,,,,,,,,,,,,,,,,,,,,,,,,,,,,,,,,,,,,,,,,,,,,,,,,,,,,,,,,,,,,,,,,,,,,,,,,,,,,,,,,,,,,,,,,,,,,,,,,,,,,,,,,,,,,,,,,,,,,,,,,,,,,,,,,,,,,
1,"4,1848222222",,,,,,,,,,,,,,,,,,,,,,,,,,,,,,,,,,,,,,,,,,,,,,,,,,,,,,,,,,,,,,,,,,,,,,,,,,,,,,,,,,,,,,,,,,,,,,,,,,,,,,,,,,,,,,,,,,,,,,,,,,,,,,,,,,,,,,,,,,,,,,,,,,,,,,,,,,,,,,,,,,,,,,,,,,,,,,,,,,
"1,00065","3,5980944444",,,,,,,,,,,,,,,,,,,,,,,,,,,,,,,,,,,,,,,,,,,,,,,,,,,,,,,,,,,,,,,,,,,,,,,,,,,,,,,,,,,,,,,,,,,,,,,,,,,,,,,,,,,,,,,,,,,,,,,,,,,,,,,,,,,,,,,,,,,,,,,,,,,,,,,,,,,,,,,,,,,,,,,,,,,,,,,,,,
"1,000715","3,5512444444",,,,,,,,,,,,,,,,,,,,,,,,,,,,,,,,,,,,,,,,,,,,,,,,,,,,,,,,,,,,,,,,,,,,,,,,,,,,,,,,,,,,,,,,,,,,,,,,,,,,,,,,,,,,,,,,,,,,,,,,,,,,,,,,,,,,,,,,,,,,,,,,,,,,,,,,,,,,,,,,,,,,,,,,,,,,,,,,,,
"1,008529","5,4650888889",,,,,,,,,,,,,,,,,,,,,,,,,,,,,,,,,,,,,,,,,,,,,,,,,,,,,,,,,,,,,,,,,,,,,,,,,,,,,,,,,,,,,,,,,,,,,,,,,,,,,,,,,,,,,,,,,,,,,,,,,,,,,,,,,,,,,,,,,,,,,,,,,,,,,,,,,,,,,,,,,,,,,,,,,,,,,,,,,,
1,"4,2136444444",,,,,,,,,,,,,,,,,,,,,,,,,,,,,,,,,,,,,,,,,,,,,,,,,,,,,,,,,,,,,,,,,,,,,,,,,,,,,,,,,,,,,,,,,,,,,,,,,,,,,,,,,,,,,,,,,,,,,,,,,,,,,,,,,,,,,,,,,,,,,,,,,,,,,,,,,,,,,,,,,,,,,,,,,,,,,,,,,,
1,"5,0557388889",,,,,,,,,,,,,,,,,,,,,,,,,,,,,,,,,,,,,,,,,,,,,,,,,,,,,,,,,,,,,,,,,,,,,,,,,,,,,,,,,,,,,,,,,,,,,,,,,,,,,,,,,,,,,,,,,,,,,,,,,,,,,,,,,,,,,,,,,,,,,,,,,,,,,,,,,,,,,,,,,,,,,,,,,,,,,,,,,,
"1,034928","6,8959833333",,,,,,,,,,,,,,,,,,,,,,,,,,,,,,,,,,,,,,,,,,,,,,,,,,,,,,,,,,,,,,,,,,,,,,,,,,,,,,,,,,,,,,,,,,,,,,,,,,,,,,,,,,,,,,,,,,,,,,,,,,,,,,,,,,,,,,,,,,,,,,,,,,,,,,,,,,,,,,,,,,,,,,,,,,,,,,,,,,
"1,0130033333","4,6101055556",,,,,,,,,,,,,,,,,,,,,,,,,,,,,,,,,,,,,,,,,,,,,,,,,,,,,,,,,,,,,,,,,,,,,,,,,,,,,,,,,,,,,,,,,,,,,,,,,,,,,,,,,,,,,,,,,,,,,,,,,,,,,,,,,,,,,,,,,,,,,,,,,,,,,,,,,,,,,,,,,,,,,,,,,,,,,,,,,,
"1,049638","4,4074111111",,,,,,,,,,,,,,,,,,,,,,,,,,,,,,,,,,,,,,,,,,,,,,,,,,,,,,,,,,,,,,,,,,,,,,,,,,,,,,,,,,,,,,,,,,,,,,,,,,,,,,,,,,,,,,,,,,,,,,,,,,,,,,,,,,,,,,,,,,,,,,,,,,,,,,,,,,,,,,,,,,,,,,,,,,,,,,,,,,
"1,200768","103,0777555556",,,,,,,,,,,,,,,,,,,,,,,,,,,,,,,,,,,,,,,,,,,,,,,,,,,,,,,,,,,,,,,,,,,,,,,,,,,,,,,,,,,,,,,,,,,,,,,,,,,,,,,,,,,,,,,,,,,,,,,,,,,,,,,,,,,,,,,,,,,,,,,,,,,,,,,,,,,,,,,,,,,,,,,,,,,,,,,,,,
"1,521568","40,0765111111",,,,,,,,,,,,,,,,,,,,,,,,,,,,,,,,,,,,,,,,,,,,,,,,,,,,,,,,,,,,,,,,,,,,,,,,,,,,,,,,,,,,,,,,,,,,,,,,,,,,,,,,,,,,,,,,,,,,,,,,,,,,,,,,,,,,,,,,,,,,,,,,,,,,,,,,,,,,,,,,,,,,,,,,,,,,,,,,,,
"1,518687","3,4081666667",,,,,,,,,,,,,,,,,,,,,,,,,,,,,,,,,,,,,,,,,,,,,,,,,,,,,,,,,,,,,,,,,,,,,,,,,,,,,,,,,,,,,,,,,,,,,,,,,,,,,,,,,,,,,,,,,,,,,,,,,,,,,,,,,,,,,,,,,,,,,,,,,,,,,,,,,,,,,,,,,,,,,,,,,,,,,,,,,,
"1,182994","3,4813111111",,,,,,,,,,,,,,,,,,,,,,,,,,,,,,,,,,,,,,,,,,,,,,,,,,,,,,,,,,,,,,,,,,,,,,,,,,,,,,,,,,,,,,,,,,,,,,,,,,,,,,,,,,,,,,,,,,,,,,,,,,,,,,,,,,,,,,,,,,,,,,,,,,,,,,,,,,,,,,,,,,,,,,,,,,,,,,,,,,
"1,000387","7,2210666667",,,,,,,,,,,,,,,,,,,,,,,,,,,,,,,,,,,,,,,,,,,,,,,,,,,,,,,,,,,,,,,,,,,,,,,,,,,,,,,,,,,,,,,,,,,,,,,,,,,,,,,,,,,,,,,,,,,,,,,,,,,,,,,,,,,,,,,,,,,,,,,,,,,,,,,,,,,,,,,,,,,,,,,,,,,,,,,,,,
"1,190918","4,2350055556",,,,,,,,,,,,,,,,,,,,,,,,,,,,,,,,,,,,,,,,,,,,,,,,,,,,,,,,,,,,,,,,,,,,,,,,,,,,,,,,,,,,,,,,,,,,,,,,,,,,,,,,,,,,,,,,,,,,,,,,,,,,,,,,,,,,,,,,,,,,,,,,,,,,,,,,,,,,,,,,,,,,,,,,,,,,,,,,,,
1,"5,0841722222",,,,,,,,,,,,,,,,,,,,,,,,,,,,,,,,,,,,,,,,,,,,,,,,,,,,,,,,,,,,,,,,,,,,,,,,,,,,,,,,,,,,,,,,,,,,,,,,,,,,,,,,,,,,,,,,,,,,,,,,,,,,,,,,,,,,,,,,,,,,,,,,,,,,,,,,,,,,,,,,,,,,,,,,,,,,,,,,,,
1,"3,3059444444",,,,,,,,,,,,,,,,,,,,,,,,,,,,,,,,,,,,,,,,,,,,,,,,,,,,,,,,,,,,,,,,,,,,,,,,,,,,,,,,,,,,,,,,,,,,,,,,,,,,,,,,,,,,,,,,,,,,,,,,,,,,,,,,,,,,,,,,,,,,,,,,,,,,,,,,,,,,,,,,,,,,,,,,,,,,,,,,,,
"1,0144033333","5,23585",,,,,,,,,,,,,,,,,,,,,,,,,,,,,,,,,,,,,,,,,,,,,,,,,,,,,,,,,,,,,,,,,,,,,,,,,,,,,,,,,,,,,,,,,,,,,,,,,,,,,,,,,,,,,,,,,,,,,,,,,,,,,,,,,,,,,,,,,,,,,,,,,,,,,,,,,,,,,,,,,,,,,,,,,,,,,,,,,,
"1,0005146667","4,4744722222",,,,,,,,,,,,,,,,,,,,,,,,,,,,,,,,,,,,,,,,,,,,,,,,,,,,,,,,,,,,,,,,,,,,,,,,,,,,,,,,,,,,,,,,,,,,,,,,,,,,,,,,,,,,,,,,,,,,,,,,,,,,,,,,,,,,,,,,,,,,,,,,,,,,,,,,,,,,,,,,,,,,,,,,,,,,,,,,,,
1,"4,5346277778",,,,,,,,,,,,,,,,,,,,,,,,,,,,,,,,,,,,,,,,,,,,,,,,,,,,,,,,,,,,,,,,,,,,,,,,,,,,,,,,,,,,,,,,,,,,,,,,,,,,,,,,,,,,,,,,,,,,,,,,,,,,,,,,,,,,,,,,,,,,,,,,,,,,,,,,,,,,,,,,,,,,,,,,,,,,,,,,,,
"1,000573","9,1565444444",,,,,,,,,,,,,,,,,,,,,,,,,,,,,,,,,,,,,,,,,,,,,,,,,,,,,,,,,,,,,,,,,,,,,,,,,,,,,,,,,,,,,,,,,,,,,,,,,,,,,,,,,,,,,,,,,,,,,,,,,,,,,,,,,,,,,,,,,,,,,,,,,,,,,,,,,,,,,,,,,,,,,,,,,,,,,,,,,,
"1,0279013333","7,6383555556",,,,,,,,,,,,,,,,,,,,,,,,,,,,,,,,,,,,,,,,,,,,,,,,,,,,,,,,,,,,,,,,,,,,,,,,,,,,,,,,,,,,,,,,,,,,,,,,,,,,,,,,,,,,,,,,,,,,,,,,,,,,,,,,,,,,,,,,,,,,,,,,,,,,,,,,,,,,,,,,,,,,,,,,,,,,,,,,,,
"1,4663006667","22,9768666667",,,,,,,,,,,,,,,,,,,,,,,,,,,,,,,,,,,,,,,,,,,,,,,,,,,,,,,,,,,,,,,,,,,,,,,,,,,,,,,,,,,,,,,,,,,,,,,,,,,,,,,,,,,,,,,,,,,,,,,,,,,,,,,,,,,,,,,,,,,,,,,,,,,,,,,,,,,,,,,,,,,,,,,,,,,,,,,,,,
"1,000184","6,7637888889",,,,,,,,,,,,,,,,,,,,,,,,,,,,,,,,,,,,,,,,,,,,,,,,,,,,,,,,,,,,,,,,,,,,,,,,,,,,,,,,,,,,,,,,,,,,,,,,,,,,,,,,,,,,,,,,,,,,,,,,,,,,,,,,,,,,,,,,,,,,,,,,,,,,,,,,,,,,,,,,,,,,,,,,,,,,,,,,,,
1,"5,3543277778",,,,,,,,,,,,,,,,,,,,,,,,,,,,,,,,,,,,,,,,,,,,,,,,,,,,,,,,,,,,,,,,,,,,,,,,,,,,,,,,,,,,,,,,,,,,,,,,,,,,,,,,,,,,,,,,,,,,,,,,,,,,,,,,,,,,,,,,,,,,,,,,,,,,,,,,,,,,,,,,,,,,,,,,,,,,,,,,,,
"1,2069353333","8,8776111111",,,,,,,,,,,,,,,,,,,,,,,,,,,,,,,,,,,,,,,,,,,,,,,,,,,,,,,,,,,,,,,,,,,,,,,,,,,,,,,,,,,,,,,,,,,,,,,,,,,,,,,,,,,,,,,,,,,,,,,,,,,,,,,,,,,,,,,,,,,,,,,,,,,,,,,,,,,,,,,,,,,,,,,,,,,,,,,,,,
"1,0946023333","11,5276333333",,,,,,,,,,,,,,,,,,,,,,,,,,,,,,,,,,,,,,,,,,,,,,,,,,,,,,,,,,,,,,,,,,,,,,,,,,,,,,,,,,,,,,,,,,,,,,,,,,,,,,,,,,,,,,,,,,,,,,,,,,,,,,,,,,,,,,,,,,,,,,,,,,,,,,,,,,,,,,,,,,,,,,,,,,,,,,,,,,
"1,028734","8,5865055556",,,,,,,,,,,,,,,,,,,,,,,,,,,,,,,,,,,,,,,,,,,,,,,,,,,,,,,,,,,,,,,,,,,,,,,,,,,,,,,,,,,,,,,,,,,,,,,,,,,,,,,,,,,,,,,,,,,,,,,,,,,,,,,,,,,,,,,,,,,,,,,,,,,,,,,,,,,,,,,,,,,,,,,,,,,,,,,,,,
"1,165566","4,7445055556",,,,,,,,,,,,,,,,,,,,,,,,,,,,,,,,,,,,,,,,,,,,,,,,,,,,,,,,,,,,,,,,,,,,,,,,,,,,,,,,,,,,,,,,,,,,,,,,,,,,,,,,,,,,,,,,,,,,,,,,,,,,,,,,,,,,,,,,,,,,,,,,,,,,,,,,,,,,,,,,,,,,,,,,,,,,,,,,,,
"1,468971","7,7810444444",,,,,,,,,,,,,,,,,,,,,,,,,,,,,,,,,,,,,,,,,,,,,,,,,,,,,,,,,,,,,,,,,,,,,,,,,,,,,,,,,,,,,,,,,,,,,,,,,,,,,,,,,,,,,,,,,,,,,,,,,,,,,,,,,,,,,,,,,,,,,,,,,,,,,,,,,,,,,,,,,,,,,,,,,,,,,,,,,,
"1,089952","4,1399222222",,,,,,,,,,,,,,,,,,,,,,,,,,,,,,,,,,,,,,,,,,,,,,,,,,,,,,,,,,,,,,,,,,,,,,,,,,,,,,,,,,,,,,,,,,,,,,,,,,,,,,,,,,,,,,,,,,,,,,,,,,,,,,,,,,,,,,,,,,,,,,,,,,,,,,,,,,,,,,,,,,,,,,,,,,,,,,,,,,
"1,047387","4,4552777778",,,,,,,,,,,,,,,,,,,,,,,,,,,,,,,,,,,,,,,,,,,,,,,,,,,,,,,,,,,,,,,,,,,,,,,,,,,,,,,,,,,,,,,,,,,,,,,,,,,,,,,,,,,,,,,,,,,,,,,,,,,,,,,,,,,,,,,,,,,,,,,,,,,,,,,,,,,,,,,,,,,,,,,,,,,,,,,,,,
1,"5,8555166667",,,,,,,,,,,,,,,,,,,,,,,,,,,,,,,,,,,,,,,,,,,,,,,,,,,,,,,,,,,,,,,,,,,,,,,,,,,,,,,,,,,,,,,,,,,,,,,,,,,,,,,,,,,,,,,,,,,,,,,,,,,,,,,,,,,,,,,,,,,,,,,,,,,,,,,,,,,,,,,,,,,,,,,,,,,,,,,,,,
"1,5268006667","7,2202444444",,,,,,,,,,,,,,,,,,,,,,,,,,,,,,,,,,,,,,,,,,,,,,,,,,,,,,,,,,,,,,,,,,,,,,,,,,,,,,,,,,,,,,,,,,,,,,,,,,,,,,,,,,,,,,,,,,,,,,,,,,,,,,,,,,,,,,,,,,,,,,,,,,,,,,,,,,,,,,,,,,,,,,,,,,,,,,,,,,
"1,003445","6,6296888889",,,,,,,,,,,,,,,,,,,,,,,,,,,,,,,,,,,,,,,,,,,,,,,,,,,,,,,,,,,,,,,,,,,,,,,,,,,,,,,,,,,,,,,,,,,,,,,,,,,,,,,,,,,,,,,,,,,,,,,,,,,,,,,,,,,,,,,,,,,,,,,,,,,,,,,,,,,,,,,,,,,,,,,,,,,,,,,,,,
"1,1057313333","7,5234333333",,,,,,,,,,,,,,,,,,,,,,,,,,,,,,,,,,,,,,,,,,,,,,,,,,,,,,,,,,,,,,,,,,,,,,,,,,,,,,,,,,,,,,,,,,,,,,,,,,,,,,,,,,,,,,,,,,,,,,,,,,,,,,,,,,,,,,,,,,,,,,,,,,,,,,,,,,,,,,,,,,,,,,,,,,,,,,,,,,
"1,003662","12,3670111111",,,,,,,,,,,,,,,,,,,,,,,,,,,,,,,,,,,,,,,,,,,,,,,,,,,,,,,,,,,,,,,,,,,,,,,,,,,,,,,,,,,,,,,,,,,,,,,,,,,,,,,,,,,,,,,,,,,,,,,,,,,,,,,,,,,,,,,,,,,,,,,,,,,,,,,,,,,,,,,,,,,,,,,,,,,,,,,,,,
"1,004067","6,5274388889",,,,,,,,,,,,,,,,,,,,,,,,,,,,,,,,,,,,,,,,,,,,,,,,,,,,,,,,,,,,,,,,,,,,,,,,,,,,,,,,,,,,,,,,,,,,,,,,,,,,,,,,,,,,,,,,,,,,,,,,,,,,,,,,,,,,,,,,,,,,,,,,,,,,,,,,,,,,,,,,,,,,,,,,,,,,,,,,,,
"1,1242373333","5,1159444444",,,,,,,,,,,,,,,,,,,,,,,,,,,,,,,,,,,,,,,,,,,,,,,,,,,,,,,,,,,,,,,,,,,,,,,,,,,,,,,,,,,,,,,,,,,,,,,,,,,,,,,,,,,,,,,,,,,,,,,,,,,,,,,,,,,,,,,,,,,,,,,,,,,,,,,,,,,,,,,,,,,,,,,,,,,,,,,,,,
1,"4,1223444444",,,,,,,,,,,,,,,,,,,,,,,,,,,,,,,,,,,,,,,,,,,,,,,,,,,,,,,,,,,,,,,,,,,,,,,,,,,,,,,,,,,,,,,,,,,,,,,,,,,,,,,,,,,,,,,,,,,,,,,,,,,,,,,,,,,,,,,,,,,,,,,,,,,,,,,,,,,,,,,,,,,,,,,,,,,,,,,,,,
1,"4,1867222222",,,,,,,,,,,,,,,,,,,,,,,,,,,,,,,,,,,,,,,,,,,,,,,,,,,,,,,,,,,,,,,,,,,,,,,,,,,,,,,,,,,,,,,,,,,,,,,,,,,,,,,,,,,,,,,,,,,,,,,,,,,,,,,,,,,,,,,,,,,,,,,,,,,,,,,,,,,,,,,,,,,,,,,,,,,,,,,,,,
